new_id,old_id,name
1,9999,Civilians
2,751,Government of Hyderabad
3,2,Government of United States of America
4,20,Government of Canada
5,40,Government of Cuba
6,41,Government of Haiti
7,42,Government of Dominican Republic
8,52,Government of Trinidad and Tobago
9,55,Government of Grenada
10,70,Government of Mexico
11,90,Government of Guatemala
12,91,Government of Honduras
13,92,Government of El Salvador
14,93,Government of Nicaragua
15,94,Government of Costa Rica
16,95,Government of Panama
17,100,Government of Colombia
18,101,Government of Venezuela
19,115,Government of Suriname
20,130,Government of Ecuador
21,135,Government of Peru
22,140,Government of Brazil
23,145,Government of Bolivia
24,150,Government of Paraguay
25,155,Government of Chile
26,160,Government of Argentina
27,165,Government of Uruguay
28,200,Government of United Kingdom
29,205,Government of Ireland
30,210,Government of Netherlands
31,211,Government of Belgium
32,212,Government of Luxembourg
33,220,Government of France
34,225,Government of Switzerland
35,230,Government of Spain
36,235,Government of Portugal
37,260,Government of Germany
38,290,Government of Poland
39,305,Government of Austria
40,310,Government of Hungary
41,315,Government of Czechoslovakia
42,316,Government of Czech Republic
43,317,Government of Slovakia
44,325,Government of Italy
45,339,Government of Albania
46,341,Government of Montenegro
47,343,"Government of Macedonia, FYR"
48,344,Government of Croatia
49,345,Government of Serbia (Yugoslavia)
50,346,Government of Bosnia-Herzegovina
51,349,Government of Slovenia
52,350,Government of Greece
53,352,Government of Cyprus
54,355,Government of Bulgaria
55,359,Government of Moldova
56,360,Government of Rumania
57,365,Government of Russia (Soviet Union)
58,366,Government of Estonia
59,367,Government of Latvia
60,368,Government of Lithuania
61,369,Government of Ukraine
62,371,Government of Armenia
63,372,Government of Georgia
64,373,Government of Azerbaijan
65,375,Government of Finland
66,380,Government of Sweden
67,385,Government of Norway
68,390,Government of Denmark
69,395,Government of Iceland
70,404,Government of Guinea-Bissau
71,420,Government of Gambia
72,432,Government of Mali
73,433,Government of Senegal
74,435,Government of Mauritania
75,436,Government of Niger
76,437,Government of Ivory Coast
77,438,Government of Guinea
78,439,Government of Burkina Faso
79,450,Government of Liberia
80,451,Government of Sierra Leone
81,452,Government of Ghana
82,461,Government of Togo
83,471,Government of Cameroon
84,475,Government of Nigeria
85,481,Government of Gabon
86,482,Government of Central African Republic
87,483,Government of Chad
88,484,Government of Congo
89,490,Government of DR Congo (Zaire)
90,500,Government of Uganda
91,501,Government of Kenya
92,510,Government of Tanzania
93,516,Government of Burundi
94,517,Government of Rwanda
95,520,Government of Somalia
96,522,Government of Djibouti
97,530,Government of Ethiopia
98,531,Government of Eritrea
99,540,Government of Angola
100,541,Government of Mozambique
101,552,Government of Zimbabwe (Rhodesia)
102,560,Government of South Africa
103,565,Government of Namibia
104,570,Government of Lesotho
105,571,Government of Botswana
106,580,Government of Madagascar
107,581,Government of Comoros
108,600,Government of Morocco
109,615,Government of Algeria
110,616,Government of Tunisia
111,620,Government of Libya
112,625,Government of Sudan
113,626,Government of South Sudan
114,630,Government of Iran
115,640,Government of Turkey
116,645,Government of Iraq
117,651,Government of Egypt
118,652,Government of Syria
119,660,Government of Lebanon
120,663,Government of Jordan
121,666,Government of Israel
122,670,Government of Saudi Arabia
123,678,Government of Yemen (North Yemen)
124,680,Government of South Yemen
125,690,Government of Kuwait
126,692,Government of Bahrain
127,694,Government of Qatar
128,696,Government of United Arab Emirates
129,698,Government of Oman
130,700,Government of Afghanistan
131,702,Government of Tajikistan
132,703,Government of Kyrgyzstan
133,704,Government of Uzbekistan
134,705,Government of Kazakhstan
135,710,Government of China
136,712,Government of Mongolia
137,713,Government of Taiwan
138,731,Government of North Korea
139,732,Government of South Korea
140,740,Government of Japan
141,750,Government of India
142,770,Government of Pakistan
143,771,Government of Bangladesh
144,775,Government of Myanmar (Burma)
145,780,Government of Sri Lanka
146,790,Government of Nepal
147,800,Government of Thailand
148,811,Government of Cambodia (Kampuchea)
149,812,Government of Laos
150,816,Government of Vietnam (North Vietnam)
151,817,Government of South Vietnam
152,820,Government of Malaysia
153,830,Government of Singapore
154,840,Government of Philippines
155,850,Government of Indonesia
156,900,Government of Australia
157,910,Government of Papua New Guinea
158,920,Government of New Zealand
159,972,Government of Tonga
160,1001,Khmer Issarak
161,1002,PLA
162,1003,DSE
163,1004,Indonesian People's Army
164,1005,KDPI
165,1006,Republic of Azerbaijan
166,1007,IZL [Etzel]
167,1008,Lao Issara
168,1009,Huk
169,1010,CPP
170,1011,"Military faction (forces of Honasan, Abenina & Zumel)"
171,1012,Forest Brothers
172,1013,LNPA
173,1014,LTS(p)A
174,1015,BDPS
175,1016,UPA
176,1017,Viet minh
177,1018,Taiwanese insurgents
178,1019,CPI
179,1020,MDRM
180,1021,KNU
181,1022,God's Army
182,1023,CPB
183,1024,CPB-RF
184,1025,"PVO - ""White Band"" faction"
185,1026,ABSDF
186,1028,ARIF
187,1029,RSO
188,1030,MFL-MUF
189,1031,MPF
190,1032,NMSP
191,1033,BMA
192,1034,CPI-ML
193,1035,PWG
194,1036,MCC
195,1037,CPI-Maoist
196,1038,CPM
197,1039,Opposition coalition
198,1040,Royalists
199,1041,NDF
200,1042,PNDF
201,1043,KIO
202,1044,Palestinian insurgents
203,1045,Non PLO groups
204,1046,PLO
205,1047,PFLP
206,1048,PFLP-GC
207,1049,Fatah
208,1050,PIJ
209,1051,Hamas
210,1052,PNA
211,1053,AMB
212,1054,PRC
213,1055,Tibet
214,1056,Republic of South Moluccas
215,1057,Military faction (navy)
216,1058,CPT
217,1059,Darul Islam
218,1060,Permesta Movement
219,1061,PRRI
220,1062,EOKA
221,1063,FNL
222,1064,NNC
223,1065,NSCN-IM
224,1066,NSCN-K
225,1067,KNPP
226,1068,State of Oman/Free Oman
227,1069,Military faction (free Officers Movement)
228,1070,Military faction (forces of Abdul Wahab al-Shawaf)
229,1071,Military faction (forces of Abd as-Salam Arif)
230,1072,NCRC
231,1073,SCIRI
232,232,Al-Mahdi Army marked for deletion
233,1075,Ansar al-Islam
234,1076,IS
235,1077,RJF
236,1078,Independent Nasserite Movement
237,1079,NSF
238,1080,LAA
239,1081,Amal
240,1082,NUF
241,1083,Lebanese Forces - Hobeika faction
242,1084,Forces of Michel Aoun
243,1085,Lebanese Forces
244,1086,Pathet Lao
245,1087,Neutralists
246,1088,LRM
247,1089,NSH
248,1090,SSIA
249,1091,SNUF
250,1092,SSA
251,1093,SSNLO
252,1094,SURA
253,1095,SSRA
254,1096,TRC
255,1097,MTA
256,1098,RCSS
257,1099,NC
258,1100,CPN-M
259,1101,OAS
260,1102,KDP
261,1103,PUK
262,1104,KDP-QM
263,1105,North Kalimantan Liberation Army
264,1106,CCO
265,1107,FLOSY
266,1108,OPM
267,1109,MNF
268,1110,Military faction (forces loyal to Nureddin Atassi and Youssef Zeayen)
269,1111,Muslim Brotherhood
270,1112,KR
271,1113,KNUFNS
272,1114,KPNLF
273,1115,FUNCINPEC
274,1116,MIM
275,1117,MNLF
276,1118,MILF
277,1119,ASG
278,1120,MNLF - NM
279,1121,MNLF - HM
280,1122,Mukti Bahini
281,1123,JVP
282,1124,PIRA
283,1125,RIRA
284,1126,PFLO
285,1127,JSS/SB
286,1128,BLF Should be changed
287,1129,BLA
288,1130,Baloch Ittehad
289,1131,BRA
290,1132,Fretilin
291,1133,PDPA
292,1134,Jam'iyyat-i Islami-yi Afghanistan
293,1135,Harakat-i Inqilab-i Islami-yi Afghanistan
294,1136,Hizb-i Islami-yi Afghanistan - Khalis faction
295,1137,Jabha-yi Nijat-i Milli-yi Afghanistan
296,1138,Mahaz-i Milli-yi Islami-yi Afghanistan
297,1139,Ittihad-i Islami Bara-yi Azadi-yi Afghanistan
298,1140,Harakat-i Islami-yi Afghanistan
299,1141,Hizb-i Islami-yi Afghanistan
300,1142,Hizb-i Wahdat
301,1143,Military faction (forces of Shahnawaz Tanay)
302,1144,Junbish-i Milli-yi Islami
303,1146,Taleban
304,1147,UIFSA
305,1148,TNV
306,1149,ATTF
307,1150,NLFT
308,1151,MEK
309,1152,PJAK
310,1153,Jondullah
311,1154,APCO
312,1155,JSM
313,1156,ETA
314,1157,PLA
315,1158,UNLF
316,1159,KNF
317,1160,KCP
318,1161,PREPAK
319,1162,Sikh insurgents
320,1163,LTTE
321,1164,TELO
322,1165,EPRLF
323,1166,PKK
324,1167,Yemenite Socialist Party - Abdul Fattah Ismail faction
325,1168,Kashmir insurgents
326,1169,ULFA
327,1170,GAM
328,1171,BRA
329,1172,NSF
330,1173,Republic of Armenia
331,1174,APF
332,1175,National Guard and Mkhedrioni
333,1176,Zviadists
334,1177,Devrimci Sol
335,1178,MKP
336,1179,Republic of Slovenia
337,1180,Republic of Croatia
338,1181,Republic of Nagorno-Karabakh
339,1182,Serbian Republic of Bosnia-Herzegovina
340,1183,Serbian Republic of Krajina
341,1184,al-Gama'a al-Islamiyya
342,1185,Republic of Abkhazia
343,1186,Republic of South Ossetia
344,1187,PMR
345,1188,UTO
346,1189,Forces of Khudoberdiyev
347,1190,Military faction (forces of Suret Husseinov)
348,1191,OPON Forces
349,1192,Autonomous Province of Western Bosnia
350,1193,Croatian Republic of Bosnia-Herzegovina
351,1194,Parliamentary Forces
352,1195,Chechen Republic of Ichkeria
353,1196,Democratic Republic of Yemen
354,1197,MQM
355,1198,TNSM
356,1199,TTP
357,1200,UCK
358,1201,Wahhabi movement of the Buinaksk district
359,1202,IMU
360,1203,JIG
361,1204,UCK
362,1205,ABSU
363,1206,NDFB
364,1207,UWSA
365,1208,Patani insurgents
366,1209,Hezbollah
367,1210,Forces of the Caucasus Emirate
368,1211,DHD - BW
369,1212,PULF
370,1213,Croatian irregulars
371,1214,Serbian irregulars
372,1215,Supporters of Awami League
373,1216,BLTF
374,1217,Supporters of BNP
375,1218,Forces of Abdul Rahman Khan
376,1219,Forces of Amanullah
377,1220,Forces of Amanullah Khan
378,1221,Forces of Arbab Basir
379,1222,Forces of Ismail Khan
380,1223,Forces of Rashid Abdul Dostum
381,1224,Forces of Mohammad Atta Noor
382,1225,Gazotan Murdash
383,1226,GICM
384,1228,Jamaat Jund al-Sahaba
385,1229,Jemaah Islamiya
386,1230,Karbi
387,1231,Kuki
388,1232,LeJ
389,1233,LTTE - K
390,1234,Lumad
391,1235,Moro
392,1236,Ranvir Sena
393,1237,Salafia Jihadia
394,1238,SIMI
395,1239,Tawhid wal Jihad
396,1240,UPDS
397,1241,VHP
398,1243,Ansaar ul-Islam
399,1244,Lashkar-e-Islam
400,1245,Mau Mau
401,1246,Istiqlal
402,1247,National Liberation Army
403,1248,FLN
404,1249,MNA
405,1250,MPLA
406,1251,State of Katanga
407,1252,Independent Mining State of South Kasai
408,1253,Military faction (forces of Mengistu Neway)
409,1254,EPRP
410,1255,TPLF
411,1256,EDU
412,1257,EPDM
413,1258,Military faction (forces of Amsha Desta and Merid Negusie)
414,1259,EPRDF
415,1260,ELF
416,1261,EPLF
417,1263,PAIGC
418,1264,SSLM
419,1265,CNL
420,1266,Military Faction (Forces of Jean Schramme)
421,1267,FLNC
422,1268,AFDL
423,1269,MLC
424,1270,RCD
425,1271,RCD-ML
426,1272,CNDP
427,1273,Military faction (forces loyal to Lon M'Ba)
428,1274,Frelimo
429,1275,Military faction (forces loyal to Gervais Nyangoma)
430,1276,Palipehutu
431,1277,CNDD
432,1278,Palipehutu-FNL
433,1279,Frolina
434,1280,CNDD-FDD
435,1281,Frolinat
436,1282,First Liberation Army
437,1283,Second Liberation Army
438,1284,FAN
439,1285,FAP
440,1286,FAT
441,1287,GUNT
442,1288,Islamic Legion
443,1289,Revolutionary Forces of 1 April
444,1290,MOSANAT
445,1291,MPS
446,1292,MDD
447,1293,CNR
448,1294,CSNPD
449,1295,Military faction (forces of Maldoum Bada Abbas)
450,1296,FNT
451,1297,FARF
452,1298,MDJT
453,1299,FUCD
454,1300,RAFD
455,1301,CDR
456,1302,UFDD
457,1303,NLC
458,1304,Military faction (forces of Jerry John Rawlings)
459,1305,Military faction (forces of Ekow Dennis and Edward Adjei-Ampofo)
460,1306,Military faction (forces of Patrick Nzeogwu)
461,1307,SWAPO
462,1308,Republic of Biafra
463,1309,RFDG
464,1310,Sudanese Communist Party
465,1311,Islamic Charter Front
466,1312,SPLM/A
467,1314,NDA
468,1315,JEM
469,1316,SLM/A
470,1317,NRF
471,1318,SLM/A - MM
472,1319,SLM/A-Unity
473,1320,Monima
474,1321,Military faction (forces of Mohamed Madbouh)
475,1322,Military faction (forces of Idi Amin)
476,1323,Kikosi Maalum
477,1324,Military faction (forces of Charles Arube)
478,1326,Fronasa
479,1327,UNLF
480,1328,FUNA
481,1329,NRA
482,1330,UNRF
483,1331,HSM
484,1332,UPDA
485,1333,UFM
486,1334,UPA
487,1335,Lord's Army
488,1336,LRA
489,1337,ADF
490,1338,WNBF
491,1339,UNRF II
492,1340,ZAPU
493,1341,ZANU
494,1342,PF
495,1343,EIJM - AS
496,1345,WSLF
497,1346,ONLF
498,1347,Renamo
499,1349,SSDF
500,1350,SNM
501,1351,SPM
502,1352,USC/SSA
503,1353,USC/SNA
504,1354,SRRC
505,1355,ARS/UIC
506,1357,Military faction (forces of Samuel Doe)
507,1358,NPFL
508,1359,INPFL
509,1360,LURD
510,1361,MODEL
511,1362,Rsistance Arme Tunisienne
512,1363,NRC
513,1364,ANC
514,1365,Military faction (forces of Hezekiah Ochuka)
515,1366,Military faction (forces of Ibrahim Saleh)
516,1367,MTD
517,1369,Popular Front
518,1370,Presidential guard
519,1371,ALF
520,1372,ARDUF
521,1373,MPA
522,1374,FIAA
523,1375,ATNMC
524,1376,FLAA
525,1377,CRA
526,1378,UFRA
527,1379,FPR
528,1380,FDLR
529,1381,MFDC
530,1382,FRUD
531,1383,FRUD - AD
532,1384,RUF
533,1385,AFRC
534,1386,Kamajors
535,1387,WSB
536,1388,Takfir wa'l Hijra
537,1389,AIS
538,1390,GIA
539,1391,AQIM
540,1392,FLEC-R
541,1393,FLEC-FAC
542,1394,AIAI
543,1395,FDR
544,1397,MPA/Republic of Anjouan
545,1398,Cobras
546,1399,Ninjas
547,1400,Cocoyes
548,1401,Ntsiloulous
549,1402,"Military Junta for the Consolidation of Democracy, Peace and Justice"
550,1403,Military faction
551,1404,OLF
552,1406,Military faction (forces of Andr Kolingba)
553,1407,Forces of Francois Bozize
554,1408,UFDR
555,1409,MJP
556,1410,MPCI
557,1411,MPIGO
558,1412,FRCI
559,1413,Ahlul Sunnah Jamaa
560,1414,NDPVF
561,1415,BDK
562,1416,MNJ
563,1417,POLISARIO
564,1418,UPC
565,1419,NLA
566,1420,FNLA
567,1421,UNITA
568,1422,Forces of Abdullahi Yusuf
569,1423,Abtisame subclan of Galje'el clan (Hawiye)
570,1424,Abudu
571,1425,Supporters of AD
572,1426,Afar
573,1427,Afi subclan of Galje'el clan (Hawiye)
574,1428,AFL
575,1429,Agon-Yar subclan of Abgal clan (Hawiye)
576,1430,Ali-Gaf subclan of Abgal clan (Hawiye)
577,1431,Alur
578,1432,Amaro
579,1433,Anaguta
580,1434,Supporters of ANPP
581,1435,Anuak
582,1436,Agar Dinka
583,1437,Gok Dinka
584,1438,ARPCT
585,1439,Arrow Boys
586,1440,AWB
587,1441,Bachama
588,1442,Bakassi boys
589,1443,Birom
590,1444,Bokora Karimojong
591,1445,Borana
592,1446,Burji
593,1447,Dabare subclan of Digil clan (Digil-Mirifle)
594,1448,Darsalim
595,1449,Da'ud subclan of Abgal clan (Hawiye)
596,1450,Dawa
597,1451,Dimasa
598,1452,Dinka
599,1453,Dioula
600,1454,Dir clan
601,1455,Dizi
602,1456,Duduble subclan of Gorgorte clan (Hawiye)
603,1457,FAPC
604,1458,Fiqi Muhumud subclan (Dir)
605,1459,FN - IC
606,1460,FNI
607,1461,Fulani
608,1462,Hausa
609,1463,Gabra
610,1464,Galje'el clan (Hawiye)
611,1465,Gamai
612,1466,Garre subclan of Digil clan (Digil-Mirifle)
613,1467,Guji
614,1468,Gura
615,1469,Habaniya
616,1470,Hema
617,1472,Hotiya Baggara
618,1473,Huber subclan of Mirifle clan (Digil-Mirifle)
619,1474,Hutu rebels
620,1475,Supporters of IFP
621,1476,Igbo
622,1477,Ijaw
623,1478,"Interahamwe, ex-FAR"
624,1479,Issa
625,1480,Itsekiri
626,1481,Izzi
627,1482,Forces of Jama Ali Jama
628,1483,Janjaweed - Moro faction
629,1484,Janjaweed - Bin Kulaib faction
630,1485,Janjaweed
631,1487,Jejele subclan of Jibedi clan (Hawiye)
632,1488,Jiddo subclan of Digil clan (Digil-Mirifle)
633,1489,Jie
634,1490,JVA
635,1491,Kereyou
636,1492,Tama
637,1493,Kibete
638,1495,Lendu
639,1496,LPC
640,1497,Luway subclan of Mirifle clan (Digil-Mirifle)
641,1498,Ma'aliyah
642,1499,Mahadade subclan of Abgal clan (Hawiye)
643,1500,Mambila
644,1501,Marehan subclan of Sede clan (Darod)
645,1502,Mayi Mayi - Chinja Chinja
646,1503,Bena Nsimba
647,1504,Bena Kapuya
648,1505,Mayi Mayi
649,1507,MFDC - FN
650,1508,MFDC Front Nord - MD
651,1509,MFDC - S
652,1510,MILOCI
653,1511,RCD-N
654,1513,Mohamed Muse subclan of Abgal clan (Hawiye)
655,1514,Murle
656,1515,Murule subclan of Gugundabe clan (Hawiye)
657,1516,NDV
658,1517,Newiba
659,1518,Mayi Mayi - Ngilima
660,1519,Nuer
661,1520,Mahariba
662,1521,Mahamid
663,1522,Ogaden clan (Darod)
664,1523,Oromo
665,1524,PAC
666,1525,Pan
667,1526,PDF
668,1527,Supporters of PDP
669,1528,Pian Karimojong
670,1529,Pokot
671,1530,Puntland state of Somalia
672,1531,Rastas
673,1532,FRF
674,1534,RCD - LN
675,1535,Republic of Somaliland
676,1536,Rizeigat Abbala
677,1537,RRA - MH
678,1538,RRA
679,1539,RTC
680,1540,Sa'ad subclan of Habar Gidir clan (Hawiye)
681,1541,Sabiny
682,1542,Sheikhal clan (Dir)
683,1543,Rer Ahmad subclan (Hawiye)
684,1544,Hawarsame Rer Hasan and Habar Ya'qub subclan of Marehan clan (Darod)
685,1545,Somali (Ethiopia)
686,1546,SSDF
687,1548,Suleiman subclan of Habar Gidir clan (Hawiye)
688,1549,Suri
689,1550,Tarok
690,1551,Terjam
691,1552,Falata
692,1553,Toposa
693,1554,Turkana
694,1555,Ukele
695,1556,ULIMO - J
696,1557,ULIMO - K
697,1558,ULIMO
698,1559,USC/SSA - OMF
699,1560,Warsangeli subclan of Abgal clan (Hawiye)
700,1561,Yantar subclan of Mirifle clan (Digil-Mirifle)
701,1562,Yoruba
702,1563,Yugur
703,1564,Rizeigat Baggara
704,1565,SLDF
705,1566,Zaghawa
706,1567,Lou Nuer
707,1568,Didinga
708,1569,Bor Dinka
709,1570,Bi'idyahan subclan of Majerteen clan (Darod)
710,1571,Ismail subclan of Makahil clan (Darod)
711,1572,Majerteen subclan (Darod)
712,1573,Nyangatom
713,1574,Dassanetch
714,1575,Mungiki
715,1576,MPGK
716,1577,AN
717,1578,Al-Shabaab
718,1579,Harakat Ras Kamboni
719,1580,Popular Revolutionary Movement
720,1581,MNR
721,1582,ELN
722,1583,"Opposition coalition (Febreristas, Liberals and Communists)"
723,1584,Military faction (forces of Alfredo Stroessner)
724,1585,Military faction (forces of Andres Rodriguez)
725,1586,National Liberation Army
726,1587,Military faction
727,1588,Forces of Carlos Castillo Armas
728,1589,FAR I
729,1590,FAR II
730,1591,EGP
731,1592,ORPA
732,1593,URNG
733,1594,Puerto Rican Nationalist Party
734,1595,M-26-7
735,1596,Cuban Revolutionary Council
736,1597,Military faction (forces of Eduardo A. Lonardi Doucet)
737,1598,Military faction (colorados)
738,1599,ERP
739,1600,Montoneros
740,1601,Military faction (navy)
741,1602,Bandera Roja
742,1603,Military faction (forces of Hugo Chvez)
743,1604,FARC
744,1605,ELN
745,1606,M-19
746,1607,EPL
747,1608,Military faction (constitutionalists)
748,1609,ELN
749,1610,MIR
750,1611,Sendero Luminoso
751,1612,MRTA
752,1613,Military faction (forces of Benjamin Mejia)
753,1614,ERP
754,1615,FPL
755,1616,FMLN
756,1617,MLN/Tupamaros
757,1618,"Military faction (forces of Augusto Pinochet, Toribio Merino and Leigh Guzman)"
758,1619,FSLN
759,1620,Contras/FDN
760,1621,SLA
761,1622,Military faction (forces of Moiss Giroldi)
762,1623,Jamaat al-Muslimeen
763,1624,Military faction (forces of Himmler Rebu and Guy Francois)
764,1625,Military faction (forces of Raol Cdras)
765,1626,FLRN
766,1627,OP Lavalas (Chimres)
767,1628,EZLN
768,1629,EPR
769,1630,al-Qaida
770,1631,ACCU
771,1632,AUC
772,1633,Comando Vermelho
773,1634,Huaorani
774,1635,Medelln Cartel
775,1636,Sinaloa Cartel
776,1637,Mara 18 (Guatemala)
777,1638,Mara Salvatrucha (Guatemala)
778,1639,Mara Salvatrucha (Honduras)
779,1640,Paz y Justicia
780,1641,Tagaeri
781,1642,Terceiro Comando
782,1643,Gulf Cartel
783,1644,1920 Revolution Brigades
784,1645,MJF
785,1646,DKBA
786,1647,Palipehutu-FNL - LP
787,1648,Lashkhar of Wazir tribe
788,1649,JVA faction
789,1650,RCD-K-ML
790,1651,Bangesh
791,1652,Turi
792,1653,Forces of Shah Sahib
793,1654,Juarez Cartel
794,1655,Kachai sub-tribe of Bangesh
795,1656,Mishti
796,1657,Lashkar of Salarzai tribe
797,1658,Mangal
798,1659,NSCN-U
799,1660,Tijuana Cartel
800,1661,Tijuana Cartel - El Teo faction
801,1662,Hizb-i Wahdat - Akbari faction
802,1663,Jamiat-ul-Dawa
803,1664,Shura-yi Nazar-i Shomali
804,1665,BCP
805,1666,PBCP
806,1667,Qaqachaca
807,1668,Laime
808,1669,Hells Angels
809,1670,Rock Machine
810,1671,Cali Cartel
811,1672,PEPES
812,1673,Forest Brothers
813,1674,White Legion
814,1675,Bodo
815,1676,Santhal
816,1677,HuM
817,1678,JKLF
818,1679,Naga
819,1680,Dayak
820,1681,Madurese
821,1682,Dereiat
822,1683,al-Shaman
823,1684,IMK
824,1685,Supporters of JLP
825,1686,Supporters of PNP
826,1687,Fatah Revolutionary Council
827,1688,SLA
828,1689,Garcia clan
829,1690,Pena Rojas clan
830,1691,MDA
831,1692,MDA - LM
832,1693,MQM-H
833,1696,Wagia subclan of Takima
834,1697,Wayai subclan of Takima
835,1698,Wogia-Tunjup
836,1699,Unjamap
837,1700,Hadji Faizal Abdulkarim clan
838,1701,Hadji Masir Ahalul clan
839,1702,Azeri
840,1703,Armenian
841,1704,Forces of Ruslan Labazanov
842,1705,Provisional Council of the Chechen Republic
843,1706,Republic of Georgia
844,1708,PLOTE
845,1710,Republic of Bosnia-Herzegovina
846,1711,"SAO Eastern Slavonia, Baranja and Western Symria"
847,1712,SAO Krajina
848,1713,Forces of Jing Caludtiag
849,1714,Forces of Randy Karon
850,1715,Supporters of Jean-Bertrand Aristide
851,1716,Supporters of Roger Lafontant
852,1717,Meskhetian Turk
853,1718,Uzbek
854,1719,Kyrgyz
856,1721,Taleban - Ali Dad faction
857,1722,Taleban - Mola Khel faction
858,1723,Hindus (India)
859,1724,Muslims (India)
860,1725,Christians (Indonesia)
861,1726,Muslims (Indonesia)
862,1727,Erapo
863,1728,Kurupi
864,1729,Ataia
865,1730,Kagu
866,1731,Moife
867,1732,Kemeyu
868,1733,Fomu I
869,1734,Fomu II
870,1735,Avaninofi
871,1736,Aganunofi
872,1737,Christians (Philippines)
873,1738,Muslims (Philippines)
874,1739,Supporters of UNP
875,1740,Supporters of PA
876,1741,Santo Domingo Teojomulco
877,1742,Santiago Xochiltepec
878,1743,Paite
879,1744,PSP
880,1746,MNDAA
881,1747,AQAP
882,1748,Ampatuan militia
883,1749,DHD
884,1750,KRA
885,1751,HPC
886,1752,AAH
887,1753,Lashkar of Orakzai tribe
888,1754,Forces of Turkestan Bhittani
889,1756,LNUP
890,1757,KNUP
891,1758,Xawaadle clan (Hawiye)
892,1759,Andani
893,1760,Supporters of ACN
894,1761,Ahlu Sunna Waljamaca
895,1762,Bangadi Militia
896,1763,PARECO
897,1764,Gaadsan subclan of Biimaal clan (Dir)
898,1765,Ma'alin Weyne subclan of Mirifle clan (Digil-Mirifle)
899,1766,Gumuz
900,1767,Hol Dinka
901,1768,Luo
902,1769,MDF
903,1770,GIA - El Ahd Battalion
904,1771,GIA - El Forkane
905,1772,Bafanji
906,1773,Balikumbat
907,1774,Banya
908,1775,Foulbe
909,1776,Kotoko
910,1777,Choa Arab
911,1780,Oulad Rachid
912,1781,Khozam
913,1782,MPA - SOC
914,1783,Hunde
915,1784,Hutu
916,1785,Amhara
917,1786,Arbore
918,1787,Degodia
919,1788,Derashe
920,1789,Zeyle
921,1790,Gedeo
922,1791,Rer Liban subclan (Issaq)
923,1792,Rer Samatar subclan of Habr Awal (Issaq)
924,1793,Ajuran
925,1794,Samburu
926,1795,Kikuyu
927,1796,Kisii
928,1797,Luhya
929,1798,Marakwet
930,1799,Nandi
931,1800,Orma
932,1801,Wardei
933,1802,Pokomo
934,1803,FPLA
935,1804,ARLA
937,1806,Touareg
938,1807,Naparama
939,1808,Adoni
940,1811,Azara
941,1812,Efik
942,1813,Ibibio
943,1814,Wurukum
944,1815,Afisare
945,1816,Ninzam
946,1817,Ife
947,1818,Modakeke
948,1819,Ilaje
949,1820,Urhobo
950,1821,Jukun
951,1822,Karimjo
952,1823,Kwala
953,1824,Odtikas
954,1825,Ndoki
955,1826,Eleme
956,1827,Umuleri
957,1828,Aguleri
958,1829,Abdalle subclan of Habar Awal clan (Isaaq)
959,1830,Aidagalla subclan of Habar Garhadjis clan (Isaaq)
960,1831,Abdalleh-Agon-Yar subclan of Abgal clan (Hawiye)
961,1832,Eli-Agon-Yar subclan of Abgal clan (Hawiye)
962,1833,Abdulleh-Galmaha subclan of Abgal clan (Hawiye)
963,1834,Kabaloh subclan of Abgal clan (Hawiye)
964,1835,Galgalo
965,1837,Forces of Omar Jess
966,1838,Ayr subclan of Habar Gidir clan (Hawiye)
967,1839,Eli-Omar subclan of Abgal clan (Hawiye)
968,1840,Abdalle-Aroneh subclan of Abgal clan (Hawiye)
969,1841,Forces of Abdirizak Bihi
970,1842,Forces of Ahmed Sheikh Buraleh
971,1843,Forces of Hussein Ali Ahmed
972,1846,Forces of Abdurahman Ahmed Ali 'Tur'
973,1851,SNF - MSAB
974,1852,SPM/SNA
975,1853,DSA
976,1854,USC/SNA - OA
977,1855,USC-PM
978,1856,ANC - 'Greens'
979,1857,ANC - 'Reds'
980,1858,Supporters of AZAPO
981,1859,Codeta
982,1860,CATA
983,1861,Supporters of UDF
984,1862,Mangweni clan
985,1863,Mgodini clan
986,1864,Supporters of UDM
987,1865,Uwusa
988,1866,NUM
989,1867,Webta
990,1868,Lagunya
991,1869,Awlad Omran clan
992,1870,Jikany Nuer
993,1871,Masalit
994,1872,Salamat Baggara
995,1873,Beni Halba Baggara
996,1874,Fur
997,1875,SPLM/A - AH
998,1876,SPLM/A - WN
999,1877,Tchokossi
1000,1878,Moba
1001,1879,Iteso
1002,1880,Afor
1003,1881,Supporters of Andry Rajoelina
1004,1882,Hizbul Islam
1005,1884,Ngok Dinka
1006,1885,Shiluk
1007,1886,Bari
1008,1887,Aliap Dinka
1009,1888,Luac Jang Dinka
1010,1889,Awan Dinka
1011,1890,Pari
1012,1891,Arab
1013,1892,Kounta
1014,1893,Atyap
1015,1894,Supporters of Laurent Gbagbo
1016,1895,Supporters of Alassane Outtara
1017,1896,Supporters of Didier Ratsiraka
1018,1897,Mauritanian
1019,1898,Senegalese
1020,1899,Christians (Nigeria)
1021,1900,Muslims (Nigeria)
1022,1901,Bini
1023,1902,Supporters of UNPP
1024,1903,Kalenjin
1025,1904,Misseriya
1026,1905,GIA - El Khadra Battalion
1027,1906,Geri
1028,1907,Abgal clan (Hawiye)
1029,1908,Matheniko Karimojong
1030,1909,Maasai
1031,1910,Ogoni
1032,1911,Tiv
1033,1912,Okrika (Ijaw)
1034,1914,Habar Gidir clan (Hawiye)
1035,1918,SNF
1036,1919,Awlad al-Zuid clan
1037,1920,SSUM/A
1038,1921,Dodoth
1039,1922,Konso
1040,1923,Karimojong
1041,1924,Supporters of Marc Ravalomanana
1042,1925,Mundari
1043,1926,RCD - CP
1044,1927,MAGRIVI
1045,1928,Buxton gang
1046,1929,Fedayeen Islam
1047,1930,Indian Mujahideen
1048,1932,ALP
1049,1933,ANLP
1050,1934,APLP
1051,1935,Jama'atu Ahlis Sunna Lidda'awati wal-Jihad
1052,1936,CPA
1053,1937,CPJP
1054,1938,SALF
1055,1939,SLM
1056,1940,Ogaden Liberation Front
1057,1941,Kusasi
1058,1942,Mamprusi
1059,1943,Nyanga
1060,1944,Gonja
1061,1945,Nawuri
1062,1946,Konkomba
1063,1947,Nanumba
1064,1948,Dagomba
1065,1949,Mujahid Party
1066,1950,NDFB - RD
1067,1951,Rejectionist Front
1068,1952,RPF
1069,1953,UFR
1070,1954,Lashkar-e-Taiba
1071,1955,Torma
1072,1956,Torma Manian
1073,1957,Highlanders
1074,1958,Banyarwanda
1075,1959,PUSIC
1076,1960,UPC
1077,1961,FRPI
1078,1962,Tishana-Meen
1079,1963,Garre
1080,1964,Hamar
1081,1965,Makahin
1082,1966,Forces of General Morgan
1083,1968,Ari
1084,1969,Mursi
1085,1970,Malay
1086,1971,Supporters of ANC
1087,1972,Awlad Zeid
1088,1973,Los Zetas
1089,1974,Beltrn Leyva Cartel
1090,1975,Beltrn Leyva Cartel - Valdez Villareal faction
1091,1976,Ansarallah
1092,1977,Atuot Dinka
1093,1978,Ciek Dinka
1094,1979,Boje
1095,1980,Nsadop
1096,1981,Mujahideen in the Golis Mountains
1097,1982,Rek Dinka
1098,1983,Qubeys subclan (Dir)
1099,1984,Mara 18 (Honduras)
1100,1985,Forces of Momin Afridi
1101,1986,TTP - TA
1102,1987,TTP - MR
1103,1988,TTP - MT
1104,1989,Laskar Jihad
1105,1990,SNM - 'Calan cas'
1106,1991,Somali (Kenya)
1107,1992,DKBA 5
1108,1993,SSDM/A
1109,1994,Gur
1110,1995,Burkinab
1111,1996,Senufo
1112,1997,PFNR
1113,1998,Military faction (forces of Samuel Toranzo Caldern)
1114,1999,Mayi Mayi Complet
1115,2000,IGLF
1116,2001,LDF
1117,2002,IFP
1118,2003,Oleh
1119,2004,Olmoro
1120,2005,Forces of Yussuf Hajji Nur
1121,2006,Saleban-Abdalla subclan of Majerteen clan (Darod)
1122,2007,SSPP
1123,2008,SPLM/A-North
1124,2009,SSLM/A
1125,2010,FDSI-CI
1126,2011,NTC
1127,2012,Forces of Muammar Gaddafi
1128,2013,ALiR
1129,2014,Republic of South Sudan
1130,2015,FSA
1131,2016,AJPSN
1132,2017,Copts (Egypt)
1133,2018,Muslims (Egypt)
1134,2019,Ezilo
1135,2020,Ezza
1136,2021,FDC
1137,2022,Gony Dinka
1138,2023,Thiyic Dinka
1139,2024,Malink
1140,2025,Sayawa
1141,2026,Kpelle
1142,2027,Lashkar of Zakakhel tribe
1143,2028,Laskhar of Masozai Qaumi tribe
1144,2029,Opponents of al-Assad
1145,2030,Supporters of al-Assad
1146,2031,BIFM
1147,2032,SVA
1148,2033,Jur Beli
1149,2034,La Familia
1150,2035,Los Caballeros Templarios
1151,2036,Jalisco Cartel New Generation
1152,2037,Cartel Independiente de Acapulco
1153,2038,La Barredora
1154,2039,La Resistencia
1155,2040,Lashkar of Kukikhel clan
1156,2041,ETIM
1157,2042,Ansar Dine
1158,2043,CMA
1159,2044,Seleka
1160,2045,M23
1161,2046,MUJAO
1162,2047,SRF
1163,2048,GNLA
1164,2050,Military faction (Red Berets)
1165,2051,PBCP-J
1166,2053,BLF
1167,2054,Deebam
1168,2055,Deewell
1169,2056,Outlaws
1170,2057,Jabhat Fateh al-Sham (Nusra)
1171,2058,Alago
1172,2059,Eggon
1173,2060,Greenlanders
1176,2063,Pao clan of the Ambarep Tribe
1177,2064,Lashkar of Akakhel tribe
1178,2065,Tawheed ul-Islam
1179,2066,zzxxyy
1180,2067,Zeme Naga
1181,2068,Shia (Pakistan)
1182,2069,Sunni (Pakistan)
1183,2070,Supporters of al-Ahly football team
1184,2071,Supporters of al-Masry football team
1185,2072,PCPA
1186,2073,PFT
1187,2074,PLFI
1188,2075,Mashashia
1189,2076,Isenasawo
1190,2077,Isongo-furo
1191,2078,Forces of Agala
1192,2079,Forces of Edu
1193,2080,FNDIC
1194,2081,Alawite (Lebanon)
1195,2082,Sunni (Lebanon)
1196,2083,Banyamulenge
1197,1405,Military faction (forces of Cyriac Souke)
1198,2089,Mayi Mayi Simba
1199,2090,Raia Mutomboki
1200,2091,APCLS
1201,1848,Issa Muse subclan of the Habr Awal clan (Isaaq)
1202,1844,Forces of Muse Sudi Yalahow
1203,1915,Hawadle clan (Hawiye)
1204,1494,Krou
1205,8002,BPLM
1206,8001,IFLO
1207,411,Government of Equatorial Guinea
1208,760,Government of Bhutan
1209,434,Government of Benin
1210,80,Government of Belize
1211,347,Government of Kosovo
1212,572,Government of Swaziland
1213,1836,Aulihan subclan of Ogaden clan (Darod)
1214,1368,Military faction of Togo (forces loyal to Gnassingbe Eyadema)
1215,2084,Military faction (Harar garrison)
1216,2085,Forces of Mullo Abdullo
1217,2086,Forces of Sanginov
1218,2087,JMB
1219,2088,Dogon
1220,2092,Bul Nuer
1224,2096,Balanda
1236,2200,FLEC
1365,2203,Kapras
1370,2137,APRD
1381,1778,Yakoma
1396,2202,Forces of Mohamed Bacar
1410,2132,Idoma
1487,2377,Kuteb
1566,2205,New Horizons
1645,2378,FDPC
1713,2130,Konianke
1727,2206,NMRD
1811,2201,Forces of Aideed
1923,2131,Gimir
1945,2136,Beni Hussein
1972,2379,Northern Sudanese
1973,2395,Southern Sudanese
2019,2204,MRC
2223,1779,Baya
2264,2264,Egba (Agatu)
2297,2297,Tamil
2358,2358,Shikito Mayi Mayi
2359,2359,FDC-Tumusifu alias Tumu
2393,2393,Bororo
2430,2108,NSCN-K-K
2448,2448,Supporters of CDC
2460,2460,Han Chinese
2461,2461,Uighur
2472,2118,Zintan
2518,2518,Forces of Sayed Mansur Naderi
2698,2098,Buddhists (Myanmar)
2699,2099,Muslims (Myanmar)
2750,2750,USDA
2765,2765,Supporters of Jamaat-e-Islami
2786,2786,Gbethis
2827,2827,MLPP
2847,2847,Pashtun
2848,2848,Mohajir
2849,2849,Sindhi
2863,2863,Meher
2864,2864,Jatoi
2922,2922,Assamese
2930,2930,Supporters of PPP
2933,2933,Al-Khobar
2939,2939,NLFT-B
2941,2941,Supporters of MQM
2951,2951,Oatizai
2952,2952,Khadadkhel
2953,2953,Supporters of Yousaf Ali Khan Magsi
2954,2954,Supporters of Zulfikar Ali Khan Magsi
2987,2987,Lashkar of Mohmand tribe
3020,3020,Forces of Pir Samiullah
3037,3037,NDC
3040,3040,Nyatura
3043,3043,PARC-FAAL
3047,2102,TTP-Islahi
3057,2107,Bangladeshi Immigrants
3060,3060,Barundi
3107,2114,Black Axe
3108,3108,Eyie
3109,2121,KK
3116,3116,Maphite
3118,2115,Bush Boys
3157,3157,Ganda Iso
3192,3192,UBA
3211,2097,Khatumo administration
3228,2061,Akul
3229,2062,Kambrip
3232,3232,al-Tawhid Brigade
3297,2113,Los Zetas - Old School Zetas faction
3298,3298,Guerreros Unidos
3299,3299,Los Rojos
3306,3306,Supporters of Morsi
3307,3307,Opponents of Morsi
3323,2112,Los Zetas - Velazquez Caballero faction
3332,2111,NURTW-Tokyo
3334,2119,Gontrar
3404,2106,Tripura Tribal Communities
3441,2116,Bafulero
3442,2117,Bavira
3481,2120,Signed-in-Blood Battalion
3497,3497,FNL-Rwasa
3511,3511,UPC-L
3518,3518,UPCP
3553,3553,FNL-Ubugabo-Burihabwa
3554,3554,FPR-BL
3555,3555,Christians (CAR)
3556,3556,Muslims (CAR)
3563,3563,SSDM/A - Cobra Faction
3568,3568,Amothnhon Dinka
3569,3569,Panyon Dinka
3579,3579,Al-Zayadia
3580,3580,Berti
3795,547501,"Ijaw, Urhobo"
3796,547502,"OPC, Yoruba"
3797,547503,"Igbo, Yoruba"
3798,547510,"Afisare, Anaguta, Birom"
3799,547511,"Anaguta, Birom"
3800,547520,"Fulani, Hausa"
3801,547521,"Fulani, Jukun"
3802,545201,"Dagomba, Gonja, Nanumba"
3803,545202,"Konkomba, Nawuri"
3804,547101,"Foulbe, Hausa"
3805,553001,"Borana, Guji"
3806,553002,"Nyangatom , Toposa"
3807,553003,"Gabra, Garre"
3808,550110,"Samburu, Turkana"
3809,550111,"Isiolo, Samburu, Turkana"
3810,550120,"Kikuyu, Luhya, Luo"
3811,550121,"Kikuyu, Kamba"
3812,550122,"Kikuyu, Luhya"
3813,550101,"Borana, Somali (Kenya)"
3814,550102,"Pokot, Samburu"
3815,550103,"Orma, Wardei"
3816,550104,"Kisii, Luo"
3817,550105,"Dodoth, Toposa"
3818,545001,"NPFL, ULIMO - K"
3819,545002,"AFL, LPC, ULIMO - J"
3820,543201,"ARLA, FIAA, FPLA"
3821,565101,"France, Israel, United Kingdom"
3822,564501,"Government of Australia, Government of United Kingdom, Government of United States of America"
3823,566601,"Egypt, Iraq, Jordan, Lebanon, Syria"
3824,537201,"Forest Brothers, White Legion"
3825,585001,"Dayak, Malay"
3826,545101,"Kamajors, Donsos"
3827,552001,"DSA, RSA"
3828,552002,"DSA, RRA"
3829,552004,"Eley, Haren"
3830,552005,"Duduble subclan of Gorgorte clan (Hawiye), Forces of Muse Sudi Yalahow"
3831,552006,"Guedi Issa clan, SNM"
3832,562501,"Beni Halba Baggara, Salamat Baggara"
3833,562502,"JEM, SLM"
3834,562503,"Mahamid, Mahariba, Newiba"
3835,550000,"Bokora Karimojong, Pian Karimojong"
3836,550001,"Matheniko Karimojong, Pian Karimojong"
3837,550002,"Bokora Karimojong, Jie"
3838,550004,"Jie, Matheniko Karimojong, Turkana"
3839,550005,"Toposa, Turkana"
3840,550006,"Matheniko Karimojong, Tepeth"
3841,550007,"Jie, Pian Karimojong"
3842,550008,"Pokot, Tepeth"
3843,550009,"Matheniko Karimojong, Turkana"
3844,550010,"Jie, Matheniko Karimojong"
3845,549001,"MLC, RCD-N"
3846,549002,"FNI, FRPI, RCD-K-ML"
3847,549003,"FNI, FRPI"
3848,549004,"FRPI, RCD-K-ML"
3849,549005,"FDLR, Mayi Mayi"
3850,549006,"Lendu, Ngiti, RCD-K-ML"
3851,549007,"MLC, RCD-N, UPC"
3852,549008,"CNDD-FDD , FDLR"
3853,549009,"FPJC, FRPI"
3854,549010,"CNDD-FDD , Mayi Mayi"
3855,549011,"Interahamwe, ex-FAR, Mayi Mayi"
3856,549012,"Lendu, RCD-K-ML"
3857,549013,"ALiR, Mayi Mayi"
3858,549014,"FRF, Mayi Mayi"
3859,549015,"FAPC, FNI"
3860,549016,"Hunde, Nyanga"
3861,549017,"Interahamwe, ex-FAR, MAGRIVI"
3862,591001,"Ataia, Erapo, Kagu, Kemeyu, Kurupi, Moife"
3863,591002,"Aganunofi, Avaninofi, Fomu I, Fomu II"
3864,534601,"Serbian irregulars, Serbian Republic of Bosnia-Herzegovina"
3865,575001,"CPR (Chandra Pulla Reddu group), PVR (Pyla Vasudeva Rao group)"
3866,547522,"Deewell, NDV"
3867,547523,"Deewell, NDSF, Outlaws"
3868,547524,"Forces of Ogonboss, NDV"
3869,547525,"NDV, SVC"
3870,547526,"NDSF, PLF"
3871,547527,"Black Axe, Bush Boys, Deebam, KK, NDV"
3872,543202,"AQIM, Jama'atu Ahlis Sunna Lidda'awati wal-Jihad, MUJAO"
3873,543203,"MUJAO, Signed-in-Blood Battalion"
3874,591003,"Kambrip Tribe, Pao Clan of the Ambarep Tribe"
3875,549024,"ALiR, CNDD-FDD , Mayi Mayi"
3876,562001,"Gontrar, Zintan"
3877,562002,"Jamil fighters, Ragdalein fighters"
3878,567803,"Al Sagra tribe, Al Abu Hussein tribe"
3879,549018,"FDLR, FNL-Rwasa, FRF"
3880,549019,"Bafulero, Bavira"
3881,552201,"Afar, Oromo"
3882,548201,"UFDR, FDPC"
3883,556001,"Supporters of ANC, Supporters of UDF"
3884,556002,"AWB, IFP"
3885,556003,"Supporters of IFP, Supporters of UDF"
3886,550011,"Bokora Karimojong, Jie, Matheniko Karimojong"
3887,550012,"Chekwi, Matheniko Karimojong, Pian Karimojong"
3888,550013,"Jie Karimojong, Matheniko Karimojong"
3889,550014,"Dodoth, Dinka"
3890,550015,"Pokot, Tepeth"
3891,550016,"Bafumbira, Bakiga"
3892,547528,"Owu, Egba (Agatu)"
3893,550106,"Kikuyu, Embu, Boran"
3894,553004,"Goldia, Mursi"
3895,553005,"EDU, pro-government militia"
3896,577001,"Kurram Hizbullah, Mahdi Militia"
3897,570001,"Forces of Zaman, Ahmad"
3898,570002,"Forces of Hasan, Musa Shajik"
3899,570003,"Forces of Amir Lalai, Monsur Achakzai, Ustad Halim"
3900,550017,"Kigezi College, Butobere"
3901,549020,"Butembo Mayi Mayi, Mayi Mayi Ngilima"
3902,549021,"FDLR, FNL-Rwasa, PARC-FAAL"
3903,552007,"DSA, RRA"
3904,552008,"DSA, RSA"
3905,552009,"Duduble subclan of Gorgorte clan (Hawiye), Forces of Muse Sudi Yalahow"
3906,552010,"Eley, Haren"
3907,552011,"Guedi Issa clan, SNM"
3908,562601,"Dinka, Nuer"
3909,1883,Riezeigat
3910,781,Government of Maldives
3911,110,Government of Guyana
3912,553,Government of Malawi
3915,3915,Chadian rebels
3916,3916,Unclear Muslim militants (Egypt)
3917,3917,Islamic Pride Brigades in the Land of the Nile
3919,3919,Military Junta 1995
3920,3920,Ninja Police Faction
3921,3921,Chadian rebels
3922,3922,Unclear Muslim militants (Egypt)
3923,3923,Islamic Pride Brigades in the Land of the Nile
3925,3925,Military Junta 1995
3926,3926,Ninja Police Faction
3927,3927,Chadian rebels
3928,3928,Unclear Muslim militants (Egypt)
3929,3929,Islamic Pride Brigades in the Land of the Nile
3931,3931,Military Junta 1995
3932,3932,Ninja Police Faction
3933,3933,Unclear Muslim militants (Egypt)
3946,3946,CPI-ML-J
3953,2109,FLC
3955,2103,CPI-ML-VM
3963,2105,Tripura Non-Tribal Communities
3967,3967,Kata Katanga
3968,2104,BNLF
3981,2110,NURTW-Auxiliary
3986,551,Government of Zambia
3987,403,Government of Sao Tome and Principe
3988,590,Government of Mauritius
3989,3989,FARS
3990,3990,Ansar al-Sharia
3991,3991,Unclear islamists
3992,3992,Katibat Okba Ibn Nafa
3993,3993,ECOMOG (Sierra Leone)
3994,3994,Supporters of Boziz
3995,3995,Fighting Islamic Group
3996,3996,Islamic Movement of Martyrs
3997,3997,Salvation Front for the Liberation of Libya
3998,3998,al-Toubou
3999,3999,Ombatse
4000,4000,Yan Gora
4001,4001,Unclear Christian group
4002,4002,Supporters of UNF
4003,4003,Supporters of People's Alliance
4004,4004,Muslims (Sri Lanka)
4005,4005,KIM
4006,4006,Sultanate of Sulu
4007,4007,FPRC
4008,4008,Happy-Go-Lucky
4009,4009,Sputnik
4010,4010,Sabal
4011,4011,Buisan
4012,4012,Forces of Buto and Bigkong
4013,4013,Forces of Mukamad Andoy
4015,4015,Erinle community
4016,4016,Offa community
4017,4017,Kolo villagers (CAR)
4018,4018,Sambisa Reserve Park Rangers
4019,4019,Akugbe ventures
4020,4020,Ngelzarma vigilante group
4021,4021,K-Dere (Ogoni)
4022,4022,Atakar
4023,4023,Aguleri-Otu
4024,4024,Ashonwo/Odeke
4025,4025,Olumegbon
4026,4026,ERG
4027,4027,VSO
4028,1396,FARS
4044,4044,Bihari
4120,4120,Agatu
4121,4121,Prakanong Pittayalai School gang
4122,4122,Kaen Thong Uppathum School gang
4123,4123,Angbaaye youths
4124,4124,Aturuku youths
4126,4126,UFRC
4127,4127,Mayi Mayi Mandefu
4128,4128,Nyale
4129,4129,Omo
4130,4130,M23-R
4131,4131,Mayi Mayi (Aigle Rouge)
4132,4132,Simba Moto
4133,4133,MPA (Nyatura)
4135,4135,Farmers in Jigawa
4136,4136,Herders in Jigawa
4137,4137,EUFF
4138,4138,Benishangul
4139,4139,FIDPC
4140,4140,Garamba Park Rangers
4141,4141,Akossa and Pipidemotro villagers
4142,4142,Congolese hunters
4143,4143,ITA
4144,4144,Raia Mutomboki faction
4145,4145,ALPC
4146,4146,"APCLS, FDLR"
4147,4147,"FDLR, Nyatura"
4148,4148,Raia Mutomboki
4149,549023,"Mayi Mayi Kifuafua, Raia Mutomboki"
4150,4150,"FDLR, FPLC, Nyatura"
4151,4151,"Military faction (forces loyal to Nureddin Atassi and Youssef Zeayen), Militiamen loyal to Afgooye District administration"
4152,4152,Opponents of Panchayat Elections (Goalpara)
4153,4153,Supporters of Panchayat Elections (Goalpara)
4154,4154,Mohammad Iqbal Mafia
4155,4155,JN
4156,4156,Popular Nasserite Organisation
4157,4157,Resistance Brigades
4158,4158,Fatah al-Islam
4159,4159,Unclear
4163,2100,PYD
4164,1849,SDM  pro-Aideed faction
4165,1850,SDM  pro-Mahdi faction
4166,565202,"FSA, Jabhat Fateh al-Sham (Nusra)"
4167,2101,Ghuraba al-Sham
4168,565201,"Ghuraba al-Sham, Jabhat Fateh al-Sham (Nusra)"
4169,543204,"Ansar Dine, MUJAO"
4170,547540,"Ikot Akpan (Nkari), Ikot Offiong (Nkari), Ubienkene (Nkari)"
4171,4171,Arab Brabich
4172,4172,Tuareg Indinan
4173,4173,al-Nashar family
4174,4174,Hajar family
4175,4175,Intima party
4176,4176,Unknown (Lebanon)
4177,4177,Supporters of Ahmad al-Assir
4179,4179,Syrian Mujahideen Unit
4180,4180,Ibagwa community
4181,4181,Ihakpu-Awka community
4182,4182,Brigade of the Four Martyrs
4183,4183,Brigades of Aisha
4184,4184,Shiyyah family
4185,4185,Abdullah Azzam Brigades
4186,4186,Unclear islamist militants (Israel/Palestine)
4187,4187,Unclear Kenyan group
4188,4188,unclear gang (Kenya)
4189,4189,unclear gang 2 (Kenya)
4190,4190,Supporters of Cord
4191,4191,Supporters of Amani
4192,4192,Supporters of CORD
4193,4193,Unclear Somali clan A
4194,4194,Unclear Somali clan B
4195,4195,unclear
4196,4196,unclear Kenyan group 1
4197,4197,unclear Kenyan group 2
4198,4198,Janbayn family
4199,4199,Chouman family
4200,4200,Future Movement
4201,4201,anti-Balaka
4202,4202,SPLM/A - DC
4203,4203,Awlad Heiban (Misseriya)
4204,4204,Awlad Serur (Misseriya)
4205,4205,SLM/A - Juba Unity
4207,4207,"Gabra, Burji"
4208,4208,Macacua
4209,4209,Ukra
4210,4210,Lashkar of Kamarkhel tribe
4211,4211,Ogadeni clan
4212,4212,JEM - Bashar
4213,4213,Jageay Nuer
4214,4214,Nam (Dinka)
4215,4215,Lith (DInka)
4216,4216,Supporters of Raja Bhaiyya
4217,4217,SLMJ
4218,4218,LJM-Wafi
4219,4219,Leek (Nuer)
4220,4220,Kok (Dinka)
4221,4221,Paleu (Dinka)
4222,4222,Hindu Jagran Manch
4223,4223,Supporters of Hindu Yuva Vahini
4224,4224,Tarel Onyani Mafia Group
4225,4225,Aslan Usoyan Mafia Group
4226,4226,SPLM/A In Opposition
4227,4227,Residents of Rajawar Village
4228,4228,Residents of Morar Village
4229,4229,Residents of Kudabeda Village
4230,4230,Residents of Mamarbeda Village
4231,4231,African Union
4232,4232,FALRP
4233,4233,ADP
4235,4235,KLRA
4236,4236,Downtown Boys
4237,4237,Shaggy Boys
4238,4238,EFCC Boys
4239,4239,EGPGC
4240,4240,GRAPO
4241,4241,Forces of Ike Ikebordih
4242,4242,Forces of  Jonathan Imawa
4243,4243,Forces of  Jonathan Imawa
4244,4244,Alora
4245,4245,Makoko Boys
4246,4246,Moshalangbe Boys
4247,4247,Forces of Umer Adizai
4248,4248,Akumoni
4249,4249,Ayamabele
4250,4250,Agudama community
4251,4251,Akenfa community
4252,4252,Lashkar of Adezai
4253,4253,Oba Ile community
4254,4254,Oba Oke community
4255,4255,Ekporo community
4256,4256,Ogu community
4257,4257,KUF
4258,4258,White Chesea
4259,4259,Ganna community
4260,4260,Ganmo community
4261,4261,Umuoba Anam community
4262,4262,Adun community
4263,4263,Inyima community
4264,4264,Esit Urua community
4265,4265,Mkpanak community
4266,4266,villagers of Bondaki in Budjala territory
4267,4267,villagers of Ndjeka in Gemena territory
4268,4268,Oruku community
4269,4269,Bambam community
4270,4270,Maitunku community
4271,4271,Ture
4272,4272,Shongom
4273,4273,"Kaltungo , Shongom, Ture"
4274,4274,Waja
4275,4275,Kamtapur Liberation Organisation
4276,4276,Adadama community
4277,4277,Igbo Amabana community
4278,4278,KNF-N
4279,4279,Enwang community
4280,4280,Uko-Nteghe community
4281,4281,Ndiagu Amagu community
4282,4282,Supporters of MWM
4283,4283,Supporters of ASWJ
4284,4284,Mbangur community
4285,4285,Mbawuar community
4286,4286,Forces of Paul Joseph Mukungubila
4287,4287,Ajasor community
4288,4288,Efraya community
4289,4289,Ogume community
4290,4290,Ikpanaya
4291,4291,Ntan Obu-Ukpe
4292,4292,Forces of Iftin Hasan Baasto
4293,4293,Popular self-defense force of Mbuyu
4294,4294,Al-Shabaab - Ahmad Abdi Godane
4295,4295,Al-Shabaab - Shaykh Hasan Dahir Aweys
4296,4296,al-Qaida Organisation in the Sinai Peninsula
4297,4297,Onitsha Ado Vigilance Group
4298,4298,CDA
4299,4299,CDA-vice chairman faction
4300,4300,Ede community
4301,4301,Ido-osun community
4302,4302,Mount Zion youths
4303,4303,White Sand youths
4304,4304,Umusadege Ogbe community
4305,4305,Umuseti Ogbe community
4306,4306,Iva Awinotogbe community
4307,4307,Iva Ibetono community
4308,4308,Iva Obeten community
4309,4309,Va-Egba community
4310,4310,Va-Egbe community
4311,4311,"Iva Awinotogbe community, Iva Ibetono community, Iva Obeten community, Va-Egba community"
4312,4312,"APCLS, Nyatura"
4313,4313,Forces of colonel Bare Hirale
4314,4314,FDDH
4315,4315,Bamate
4316,4316,Batangi
4317,4317,Ramel Thappa Clan
4318,4318,Sankheswar Majhi Family
4319,4319,Ansar Bayt al-Maqdis
4320,4320,Comandos
4321,4321,NSLA
4322,4322,Al-Shabaab - Sheikh Mukhtar Robow (Abu Mansur)
4323,4323,"Al-Shabaab - Shaykh Hasan Dahir Aweys, Al-Shabaab - Sheikh Mukhtar Robow (Abu Mansur)"
4324,4324,UVF
4325,4325,Sangub villagers
4326,4326,INLA
4327,4327,MDM
4328,4328,UFF
4329,4329,TMC-K
4330,4330,TMC-M
4331,4331,CIRA
4332,4332,Mouka villagers
4333,4333,IPLO
4334,4334,LRDG
4335,4335,RHC
4336,4336,LVF
4337,4337,White wolves
4338,4338,White wolves
4339,4339,RHD
4340,4340,UDA
4341,4341,MNRF
4342,4342,Joe Mafia gang
4343,4343,Aime gang
4344,4344,Gang 04
4345,4345,Gang 36
4346,4346,Ah Fatt gang
4347,4347,Tuhan Harun
4348,4348,Opponents of Yingluck Shinawatra
4349,4349,Supporters of President Maduro
4350,4350,Opponents of President Maduro
4351,4351,Supporters of Rashtriya Lok Dal
4352,4352,Supporters of Bodoland People's Progressive Front (BPPF)
4353,4353,Supporters of Aboro Suraksha Samity (ABSS)
4354,4354,Supporters of Janagostiya Sangram Samiti
4355,4355,UALA
4357,4357,Jaysh al-Mukhtar
4358,4358,PMOI
4359,4359,JRTN
4360,4360,DHD-AD
4361,4361,RNLF
4364,4364,Jaish al-Adl
4366,4366,NRHPF
4367,4367,Sumi Hoho
4368,4368,RAAD
4369,4369,Benghazi Revolutionaries Shura Council
4370,4370,Gaddadfa tribe
4371,4371,Awlad Suleiman
4372,4372,Zawiya Martyrs' Brigade
4373,4373,Shidle clan
4374,4374,Forces of Ould Badi
4375,4375,MIA
4376,4376,al-Murabitun
4377,4377,Forces of Abdullahi Wafow
4378,4378,UMLA
4379,4379,forces of Mr. Mohamed Yusuf Jama (Indhosheel)
4380,4380,MAA
4381,4381,"CMA, MIA"
4382,4382,Malians
4383,4383,Baluba
4384,4384,herders in Maxaas District
4385,4385,"Ansar Dine, AQIM, Signed-in-Blood Battalion"
4386,4386,"Ansar Dine, AQIM, MUJAO, Signed-in-Blood Battalion"
4387,4387,Wahabbis (Caucasus)
4388,4388,Islamic Traditionalists (Caucasus)
4389,4389,residents of Goobaale locality
4390,4390,MIT
4391,4391,Buddhists (Indonesia)
4392,4392,Muslims (Indonesia)
4393,4393,FPI
4394,4394,Golden Dawn
4395,4395,UDLA-ZB
4396,4396,NNC-NA
4397,4397,ATF
4398,4398,JKP
4399,4399,Jund al-Islam
4400,4400,SGIMA
4401,4401,Front for the Restoration of Unity and Democracy in the Central African Republic
4402,4402,Revolutionary Workers' Council (Kakurokyo)
4403,4403,Comanchero
4404,4404,Chechens in Kazakhstan
4405,4405,Kazakhs in Kazakhstan
4406,4406,Ambrym Islanders
4407,4407,Tannese Islanders
4408,4408,Forces of Asif Khan
4409,4409,Forces of Maulana Hanfi
4410,4410,GLF
4411,4411,MEF
4412,4412,Government of Turkmenistan
4413,4413,Government of Fiji
4414,4414,Forces of George Speight
4415,4415,Ansar Sunnah
4416,4416,Amigos dos Amigos
4417,4417,"Supporters of BNP, Supporters of Jamaat-e-Islami"
4418,4418,Supporters of Hefajat-e-Islam
4419,4419,Forces of Gatluak Gai
4420,4420,Forces of David Yauyau
4421,4421,Forces of Ulony Johnsson
4422,4422,Forces of Gordon Kong
4423,4423,MST
4424,4424,Land-owners
4425,4425,Jorge Luiz gang
4426,4426,Parazao gang
4427,4427,Dote gang
4428,4428,Murilo gang
4429,4429,Ansarullah Bangla Team
4430,4430,Comando Vermelho Jovem
4431,4431,Barriga gang
4432,4432,Sujeirinha gang
4433,4433,Myanmar Communist Party
4434,4434,Mahaz-e Feda'ee-ye Tahreek-e Eslami Afghanistan
4435,4435,Forces of Jan Mohammad
4436,4436,Panjwayi residents
4437,4437,Forces of Abdol Hadi
4438,4438,Forces of Mullah Esmatollah
4439,4439,Rabat residents
4440,4440,Forces of Besmellah
4441,4441,Forces of Ghawsodin
4442,4442,Forces of Mir Gol
4443,4443,Forces of Nabi
4444,4444,Forces of Habibollah
4445,4445,Forces of Mohammad Shah
4446,4446,Garimpeiros
4447,4447,Tumucumaque Indians
4448,4448,Cinta Larga Indians
4450,4450,Defenders of National Sovereignty
4451,4451,Venkatapuram Local Guerrilla Squad
4452,4452,Forces of Marcel Tsourou
4453,4453,Los Aliados
4454,4454,Supporters of PAN
4455,4455,Supporters of PRI
4456,4456,Syrian insurgents
4457,4457,Al-Seraji tribe
4458,4458,Da'an tribe
4459,4459,Ansar al-Sunna
4460,4460,Kabwum settlers
4461,4461,Gang of Patrick Sira
4462,4462,Terceiro Comando Puro
4463,553080,"Burji, Gabra"
4464,4464,La Union de Insurgentes
4465,4465,La Union de Tepito
4466,4466,Guayo Cano gang
4467,4467,Akibu
4468,4468,Tonakau
4469,4469,Kolo Ipiwin
4470,4470,Kolo Jigenia
4471,4471,Under Luni
4472,4472,Meki
4473,4473,"Kolo Ipiwin, Kolo Jigenia, Meki, Under Luni"
4474,4474,Kolo Kongu
4475,4475,Autodefensas Unidas de Michoacn
4476,4476,Tancitaro self-defense group
4477,4477,Al-Saida
4478,4478,Al-Maraziq
4479,4479,Supporters of CPN-UML
4480,4480,Supporters of CPN-M
4481,4481,Supporters of NC
4482,4482,Supporters of MRJP
4483,4483,Jund al-Sham Organization
4484,4484,Peninsula Lions
4485,4485,The Brigade of martyr Fawaz al-Oteibi
4486,4486,Gulf Cartel - Ramirez Trevio faction
4487,4487,Gulf Cartel - Villareal faction
4488,4488,Agege
4489,4489,Odimodi
4490,4490,Supporters of Democratic Party Albania
4491,4491,Supporters of Socialist Party Albania
4492,4492,La Mochomera
4493,4493,Supporters of Ibrahim Idris
4494,4494,Supporters of Abubakar Audu
4495,4495,Chala
4496,4496,Supporters of BJP
4497,4497,Al-Ma'unah
4498,4498,Indian (Malaysia)
4499,940,Government of Solomon Islands
4500,4500,IFM
4501,4501,Organization of the Free Residents of the Arabian Peninsula
4502,4502,Generation of Arab Fury
4503,4503,OPM-AW
4504,4504,OPM-HB
4505,4505,Andafo
4506,4506,Lindima Kanosa
4507,4507,Tubiri
4508,4508,"Tubiri, Wogia-Tunjup"
4509,4509,Sem
4510,4510,Nen
4511,4511,Forces of Kalisto Geniufaria
4512,4512,Yakare
4513,4513,Roripa
4514,4514,Supporters of TMC
4515,4515,Kateb Hezbollah
4516,4516,Black Sharks
4517,4517,PNG LNG
4518,4518,Tabu
4519,4519,Imawe Bogasi
4520,4520,Pawale
4521,4521,Marau Eagle Force
4523,4523,"Black Sharks, BRA"
4524,4524,LCSF
4525,4525,Watut
4526,4526,Biyangai
4527,4527,Supporters of the Queensland Maroons
4528,4528,Supporters of New South Wales Blues
4529,4529,BLF
4530,4530,BKI
4531,4531,Awlad Metanin (Misseriya)
4532,562580,"Awlad Metanin (Misseriya) , Awlad Serur (Misseriya)"
4533,4533,Kingdom of Meekamui
4534,4534,Sip
4535,4535,Singwa
4536,4536,Estados Unidos
4537,4537,Al-Qaeda
4538,4538,RSS
5538,5538,Mish'al at Tammu Brigade
5539,565280,"FSA, Jabhat Fateh al-Sham (Nusra), Mish'al at Tammu Brigade"
5540,565281,"IS, Jabhat Fateh al-Sham (Nusra)"
5541,5541,Jabhat al-Akrad
5542,5542,Al-Haraka al-Islamiya
5544,5544,RJ
5545,5545,MISCA
5546,5546,Al-Umma
5547,5547,Sarani
5548,5548,Ghanbarzehi
5549,5549,KMF
5550,5550,Hmar
5551,5551,"KRA, Kuki Liberation Army (KLA)"
5552,5552,Batak Protestant Church - Pro-Government Faction
5553,5553,Batak Protestant Church - Anti-Government Faction
5554,5554,Ahrar al-Sham
5555,5555,"Ahrar al-Sham, IS, Jabhat Fateh al-Sham (Nusra)"
5556,5556,Abu al Fadhil al 'Abbas brigade
5557,5557,"Abu al Fadhil al 'Abbas brigade, Hezbollah"
5558,5558,"Jabhat al-Akrad, PYD"
5559,5559,"FSA, IS"
5560,5560,Salahadin Brigade
5561,5561,Yusuf al-Azimi Brigade
5562,5562,"al-Tawhid Brigade , Salahadin Brigade, Yusuf al-Azimi Brigade"
5563,5563,Ahfad al Rasoul Brigade
5564,5564,Islamic Kurdish Front
5565,5565,"Islamic Kurdish Front, Ahfad al Rasoul Brigade, Ahrar al-Sham, IS, Jabhat Fateh al-Sham (Nusra)"
5566,5566,National Defence Army
5567,5567,"Ahrar al-Sham, al-Tawhid Brigade , IS, Jabhat Fateh al-Sham (Nusra)"
5568,5568,Azadi
5569,5569,Kurdish Union Party
5570,5570,Sharabiyin tribe
5571,5571,Supporters of Azadi
5572,5572,Judicial Council
5573,5573,al-Qa'qa Regiment
5574,5574,Abu Wa'el Brigade
5575,5575,Islamic Front
5576,5576,Nasr Battalion
5577,5577,"al-Farouq Battalions, Nasr Battalion"
5578,5578,Popular Committees
5579,5579,Damascus Capital of the Umayyad Brigade
5580,5580,Omar al-Farouq Brigade
5581,5581,Black Cobras
5582,5582,RAF
5583,5583,East Berlin's squatter movement
5584,5584,Neo-Nazis
5585,5585,Ndrangheta - Pelle Romeo clan
5586,5586,Ndrangheta - Strangio-Nirta clan
5587,5587,Cuncolta Naziunalista
5588,5588,FLNC Corsica
5589,5589,FLNKS
5590,5590,MPA Corsica
5591,5591,ANC Corsica
5593,5593,ARB
5594,5594,May First
5595,5595,11/17/17
5597,5597,Supporters of Olympiakos
5598,5598,Supporters of AEK
5599,5599,Revolutionary Nucleus
5600,5600,Carbonaro-Dominante Mafia family
5601,5601,Red Brigades
5602,5602,Camorra
5603,5603,Seineldin faction
5604,5604,MTP
5605,5605,Al-Badir Shi'i Organization
5606,5606,Seva Brothers
5607,5607,Colombian loggers
5608,5608,Russian
5609,5609,Turk
5610,5610,"Russian, Turk"
5611,5611,Supporters of Interim Government
5612,5612,Supporters of Bakiyev
5613,5613,CTA
5614,5614,CGT
5615,5615,Matthew's Lane gang
5616,5616,Tel Aviv gang
5617,5617,supporters of NDP
5618,5618,Supporters of LNU
5619,5619,Government of Jamaica
5620,5620,Los Urabeos
5621,5621,Los Rastrojos
5622,5622,Government of Saint Kitts and Nevis
5623,5623,Government of Saint Lucia
5624,5624,Che Guevara Battalion
5625,5625,ERP
5626,5626,FADLC
5630,5630,Montreal mafia
5631,5631,"ELN, FARC"
5632,5632,Las Aguilas
5633,5633,Rastrojo
5634,5634,DFLP
5641,5641,PA
5642,5642,Al-Qaida in Palestine
5643,5643,Army of Islam
5644,5644,Babakarkhel
5645,5645,Imad Mughniyya Brigades
5646,5646,Forces of Abdul Ghaffar
5647,5647,Jaysh al-Moslemin
5648,5648,Hizb-e Azadi-ye Afghanistan
5649,5649,Freedom Flotilla Martyrs
5650,5650,OCN
5652,5652,Ship to Gaza
5653,5653,Jews (Israel)
5654,5654,Arabs (Israel)
5655,5655,As-Sindi family
5656,5656,Dugmush clan
5657,5657,al-Faruq Brigades
5658,5658,Fedayeen
5659,1074,al-Mahdi Army
5660,5660,Armed Islamic Movement for Al Qaeda - Fallujah Branch
5661,5661,Abu Taha family
5662,5662,Al-Masri family
5663,5663,Hillis clan
5664,5664,Matariyah family
5665,5665,Al-Majayda clan
5666,5666,UNTAET
5667,5667,Jund Ansar Allah
5669,5669,Ahrar Al Jalil Brigades
5670,5670,The Mosul Battalions
5671,5671,gang 1
5672,5672,gang 2
5673,5673,ARENA
5674,5674,Green Brigade of the Prophet
5675,5675,Kurds (Iraq)
5676,5676,Arab tribes loyal to Saddam Hussein
5677,5677,Arabs (Iraq)
5678,5678,Turkmen (Iraq)
5679,5679,Jimaat-e-Sadr Thani
5680,5680,Abdul Majid al-Khoei
5681,5681,Supporters of Ayatollah Ali al-Sistani
5682,5682,Salvation Movement
5683,5683,Jaish Mohammed
5684,5684,Planning and Follow-up organization
5685,5685,Abu-Bakr al-Siddiq Salafist Brigades
5686,5686,Jihadist Martyrs Brigades in Iraq
5687,5687,Islamic Jihad Brigades
5688,5688,Jihadist Earthquake Brigades
5689,5689,Islamic Movement of Iraqi Mujahideen
5690,5690,Yazidis (Iraq)
5692,5692,supporters of Sharif Hassan Sheikh Aden
5693,5693,supporters of Madobe Nunow Mohamed
5694,5694,Al-Sharbah tribe
5695,5695,Al-Qadri tribe
5696,5696,Abu Bakr al-Seddiq al-Salafiya (Salafist) Brigades
5697,5697,Al-Jihad Brigades
5698,5698,Saad bin Abi Waqqas Brigade
5699,5699,Imam Hussein Brigades
5700,5700,Iraqi Resistance General Command
5701,5701,Mujahidin Army
5702,5702,Takfir wa Hijra
5703,5703,Al-Hallaf tribe
5704,5704,Al-Karamshah tribe
5705,5705,Karabilah tribe
5706,5706,Albu-Mehel tribe
5707,5707,Brigades of Imam al-Hassan al-Basri
5708,5708,Islamic Front for Iraqi Resistance-Salah-al-Din al-Ayyubi Brigades
5709,5709,Baqiyyatallah Movement
5710,5710,Mansuru Ahl-al-Sunnah
5711,5711,Al-Rashidin Army
5712,5712,al-Hasani forces
5713,5713,Forces of Saddam Shihab
5714,5714,Iraqi Revenge Brigades
5715,5715,Dhi Qar Organization
5716,5716,Swords of Righteousness
5717,5717,M-20
5718,5718,'Yandaba' cult group of Dutse Hausa
5719,5719,Dutse-Gwari cult
5720,5720,Jund al-Sama
5721,5721,League of the Righteous
5722,5722,Imam Moussa al-Kadhim Brigades
5723,5723,"Imam Hussein Brigades, Imam Moussa al-Kadhim Brigades"
5724,5724,Leagues of the people of Right
5725,5725,Forces of Qais al-Khazali
5726,5726,Bani-Malik tribe
5727,5727,Furayjat tribe
5728,5728,Porto Village (Ambon)
5729,5729,Haria Village (Ambon)
5730,5730,Hamas al-Iraq
5731,5731,Revenge of God
5732,5732,Forces of Haydar Mehdi Khadum Al-Fawadi
5733,5733,Turkoman Front
5734,5734,Ahrar al-Iraq
5735,5735,The Dirty Squad
5736,5736,Sahwa
5737,5737,MKO
5738,5738,PKK faction
5739,5739,Shia (Iraq)
5740,5740,Christians (Iraq)
5741,5741,Ngas
5742,5742,Pai
5743,5743,Kurdish Freedom Party
5744,5744,SPKI
5745,5745,KMA
5747,5747,Movement of the Sons of the Armed Dulaym Tribes'
5748,5748,INC
5749,5749,INSM
5750,5750,Islamic Amal organization of Iraq
5751,5751,INA
5752,5752,ICP
5753,5753,IAOSO
5754,5754,Islamic Unity Party of Iraq
5755,5755,Iraqis
5756,5756,Egyptians
5757,5757,KSP
5758,5758,Surchi tribe
5759,5759,CPIK
5760,5760,Islamic Movement forces
5761,5761,PCDK
5762,5762,Hasanuddin
5763,5763,JI - Noordin
5764,5764,Amumgne
5765,5765,Dani
5766,5766,Supporters of PPP
5767,5767,Supporters of PKB
5768,5768,Damal
5769,5769,Kobagu
5770,5770,Sani
5771,5771,Horale
5772,5772,Saleman
5773,5773,Tribals/Villagers
5774,5774,Al Odaiban tribe
5775,5775,Al Hajer tribe
5776,5776,"Harakat-i Islami-yi Afghanistan, Hizb-i Wahdat"
5777,5777,Belhareth tribe
5778,5778,Al-Butahif tribe
5779,5779,The Oppressed
5780,5780,Forces of Agung Abdul Hamid
5781,5781,Al-Qanis tribe
5782,5782,Al-Zaidi tribe
5783,5783,BZF
5784,5784,One Million Boys
5785,5785,Jaish Al-Nasr
5786,5786,Al-Tawhid and Jihad group
5787,5787,Supporters of APC
5788,5788,ANLA
5789,5789,Muslim Brotherhood (Egypt)
5790,5790,Ansar al-Shariah Brigades
5791,5791,Ajnad Misr
5792,5792,Bani Hilal
5793,5793,Nubian Dabudiya
5794,5794,UNELA
5795,5795,ASAK
5796,5796,Israeli settlers
5797,5797,CURC
5798,5798,AMEF
5799,5799,Martyrs of Qatrun Brigade
5800,5800,Islamic State Army
5801,5801,FDLR-RUD
5802,5802,Forces of the House of Representatives
5803,5803,Recontras
5804,5804,Recompas
5805,5805,"Recompas, Recontras"
5806,5806,Al-Rafallah Sahati
5807,5807,"Government of Afghanistan, Government of Russia (Soviet Union)"
5808,5808,FUAC
5810,5810,Operations Cell of Libyan Revolutionaries
5811,5811,UADC
5812,5812,Adivasi
5813,5813,NBPF
5814,5814,MNPF
5815,5815,UTLA-SK Thadou
5816,5816,ULTA-Robert Singson
5817,5817,Maidan
5818,5818,Ertosi
5819,5819,Pinyanisi
5820,5820,Yatama
5821,5821,Raia Mutomboki - Bravo
5822,5822,Raia Mutomboki - Makombo
5823,5823,MNRP
5824,5824,UKRA
5826,3151,NDFB-S
5827,5827,PLC Supporters
5828,5828,APRE Supporters
5829,5829,UNO Supporters
5830,5830,NSCA
5831,5831,FPI (Nicaragua)
5832,5832,KNLA
5833,5833,AFISM-CAR
5834,5834,UPLA
5835,5835,KLLA
5836,5836,Supporters of Ukrainian unity
5837,5837,Supporters of independence for Eastern Ukraine
5838,5838,Right Sector
5839,5839,LPR
5840,5840,DPR
5841,5841,KLPF
5842,5842,UPLF
5843,5843,South Sudanese
5844,5844,Ugandans
5845,5845,AQIS
5846,5846,Seleka - AD
5847,5847,FLNA
5848,5848,MINUSCA
5849,5849,SARC
5850,5850,"Al-Mahdi Army marked for deletion, zzxxyy"
5851,5851,CLPC
5852,5852,Ghaffar Zikri
5853,5853,Uzair Baloch
5854,5854,"Anti-Balaka led by Koudmon `""Gbangouma"""
5855,5855,Usuga Clan
5856,5856,Tribes' army
5857,5857,Al-Qa'qa Battalion
5858,5858,Al-Sawa'iq Battalion
5859,5859,"Al-Qa'qa Battalion, Al-Sawa'iq Battalion"
5860,5860,Misrata fighters
5861,5861,Libya Dawn
5862,5862,Muqawama 'Resistance' Group
5863,5863,Popular Front of Sudan
5864,5864,TTP-KM
5865,5865,TTP-SM
5866,5866,Darfur Joint Resistance Forces
5867,5867,Jatav
5868,5868,Thakur
5869,5869,Aqtash
5870,5870,Jund al-Khilafah
5872,5872,Zurug (Misseriya)
5873,5873,ANLCA
5874,5874,Maguindanaon
5875,5875,Teduday
5876,5876,Forces of Kagui Said (MILF)
5877,5877,Forces of Mohammad Batuh (MILF)
5878,5878,Ilchamus
5879,5879,Bagumbayan
5880,5880,GATIA
5882,5882,Concepcion Gang
5883,5883,Forces of Ammanoddin
5884,5884,Forces of Mohammad Ali
5885,5885,MDF
5887,5887,Maachi tribe
5888,5888,Peecho tribe
5889,5889,Sons of Allah or Protection of the Islamic Religion
5890,5890,Orakzai Freedom Movement
5891,5891,Supporters of Ahmad Murghabi
5892,5892,Supporters of Anant Singh
5893,5893,Supporters of Surajbhan Singh
5894,5894,Farmers in Baradaale village
5895,5895,Jaish-ul-Islam
5896,5896,militias loyal to Barre Hiiraale
5897,5897,PAT
5898,5898,forces of Ahmed Dai
5899,5899,Kok Keer
5900,5900,Kok Awac
5901,5901,Various Syrian rebels
5902,5902,Pakam pastoralist youth
5904,5904,Bakonzo
5905,5905,Basongora
5906,5906,"FDLR-Soki, FPLC"
5907,5907,Kurdish rebels
5908,5908,Syrian rebels
5909,5909,UBF
5914,5914,United Armed Forces of Novorossiya
5915,5915,Grand Theft Auto / Jaamat
5916,5916,Hindu Rashtra Sena
5917,5917,"Forces of General Ali Mohsen al-Ahmar, Supporters of Islah party"
5919,5919,Iregwe
5920,5920,Rukuba
5921,5921,Dashnak
5922,5922,Adamawa hunters
5923,5923,Kambari
5924,5924,Supporters of PTI
5925,5925,Supporters of YSRCP
5926,5926,Erunmu community
5927,5927,Lalupon community
5928,5928,Jamaat-ul-Ahrar
5929,5929,Forest Brothers Azerbaijan
5930,5930,Buddhists (Malaysia)
5931,5931,Muslims (Malaysia)
5932,5932,Rom Sai Foundation ambulance crew
5933,5933,Por Tek Tung Foundation ambulance crew
5934,5934,Rizeigat arab tribe
5935,5935,Mamak gang
5936,5936,Al-Nusra Front in Lebanon
5937,5937,Ansar ut-Tawheed fi Bilad Al-Hind
5938,5938,Liwa Ahrar al-Sunna in Baalbek
5939,5939,Khazam
5940,5940,Zintan Brigades
5941,5941,Libya Shield
5942,5942,Sa'iqah Special Forces
5943,5943,Timika
5945,5945,Espinoza gang
5946,5946,Rohingya (Myanmar)
5947,5947,Rakhine (Myanmar)
5950,5950,MHH
5951,5951,ex-Seleka (Goula ethnic group)
5952,5952,ex-Seleka (Fulani ethnic group)
5953,5953,"anti-Balaka, RJ"
5954,5954,Supporters of President Banda
5955,5955,Opponents of President Joyce Banda
5956,5956,Military faction (forces of Lamin Sanneh)
5957,5957,Buddhists (Sri Lanka)
5958,5958,Talyulu tribe
5959,5959,Kii tribe
5960,5960,Paipan clan
5961,5961,Lankep tribe
5962,5962,Ambusi tribe
5963,5963,Kal tribe
5964,5964,"Konkomba, Mamprusi"
5965,5965,PSLF
5966,5966,Operation Sangaris France?
5967,5967,Followers of Arabul Islam
5968,5968,Supporters of Satyajit Mondal
5970,5970,villagers of Oppele
5971,5971,villagers of Kiete and Miaba
5972,5972,FALL
5973,5973,Mayi Mayi Charles
5974,5974,Mayi Mayi Shetani
5975,5975,"Mayi Mayi Charles, Mayi Mayi Shetani"
5976,5976,"Banyamulenge, Barundi"
5977,5977,"Bafulero, Banyamulenge"
5978,5978,Mayi Mayi Bede
5979,5979,RCD-ML-Lubanga
5980,5980,Vurondo Mayi-Mayi
5981,5981,Anti Texas
5982,5982,URF-L
5983,5983,Anti-Balaka faction
5984,5984,Owukpa
5985,5985,Umuachi-Afor community
5986,5986,Mayi Mayi Simba (Jean Luc Yabili)
5987,5987,APLNC/Lumumba
5988,5988,Nduga
5989,5989,Peresek
5990,5990,Pagutan
5991,5991,Bora
5992,5992,Watunonju
5993,5993,Wamkana
5994,5994,Wainalut
5995,5995,Buru
5996,5996,Mayi Mayi (Kabale)
5997,5997,Mayi Mayi - Makabe
5998,5998,Vurundo Mayi Mayi
5999,5999,UPC (Ali Darass Fulani supporters)
6000,6000,RPRC of Zoundeiko
6001,6001,Gwandere
6002,6002,Gulf Cartel - Los Fresitas faction
6003,6003,Gulf Cartel - Dragones de Sheyla faction
6004,6004,Supporters of Peoples' Conference (PC)
6005,6005,Supporters of Peoples' Democratic Party (PDP)
6006,6006,SL-Quispe Palomino brothers
6007,6007,Sinaloa Cartel - Los Salgueiro faction
6008,6008,Sinaloa Cartel - Los Chavez Matamoros faction
6009,6009,Los Ardillos
6010,6010,VGN
6011,6011,SRF (Syria)
6012,6012,Mujahideen Army
6014,6014,"Islamic Front, Mujahideen Army, SRF (Syria)"
6015,6015,Harkat Hazm
6017,6017,Supporters of PRD
6018,6018,Supporters of PRT
6019,6019,San Martin Itunyoso residents
6020,6020,Santo Domingo Ixcatlan residents
6021,6021,San Baltazar Chichicapam villagers
6022,6022,San Nicolas Yaxe villagers
6023,6023,Islamic Battalions
6024,6024,"IS, Islamic Front, Jabhat Fateh al-Sham (Nusra)"
6025,6025,San Lorenzo Texmelucan villagers
6026,6026,Supporters of La Loba
6027,6027,Supporters of Jesus Tolentino
6028,6028,"Islamic Battalions, Jabhat Fateh al-Sham (Nusra)"
6029,6029,"Islamic Battalions, Jabhat al-Akrad"
6030,6030,"Islamic Front, Jabhat al-Akrad, Jabhat Fateh al-Sham (Nusra), Mujahideen Army"
6031,6031,San Isidro residents
6032,6032,San Miguel Aloapan residents
6033,6033,El Ocotal residents
6034,6034,Santa Cruz Condoy residents
6035,6035,Jabhat Al-Kurd brigade
6036,6036,"Islamic Front, Jabhat Al-Kurd brigade, Jabhat Fateh al-Sham (Nusra), Mujahideen Army"
6037,6037,Jund al-Aqsa
6038,6038,"Jabhat Fateh al-Sham (Nusra), Jund al-Aqsa"
6039,6039,Supporters of EZLN
6040,6040,"Islamic Front, Jabhat Fateh al-Sham (Nusra)"
6041,6041,Jabhat al-Asala wal Tanmiya
6042,6042,"Jabhat Fateh al-Sham (Nusra), SRF (Syria)"
6043,6043,"Islamic Front, Mujahideen Army"
6044,6044,Al-Rastan Martyrs Regiment
6045,6045,Renamo dissidents
6046,6046,Chadian Mercenaries
6047,6047,CAR Army Mutineers
6048,6048,Armed Forces of Liberia of former president Charles taylor
6049,6049,Ex-fighters (led by Sumo Dennis)
6050,6050,SLA
6051,6051,Sierra Leonean militia
6052,6052,Mutineers led by Mutebesi
6053,6053,Khaider Khil
6054,6054,Worza
6055,6055,Opponents of Mubarak
6056,6056,Supporters of Mubarak
6057,6057,Opponents of Supreme Council of the Armed Forces
6058,6058,Protesters/Rioters/Mobs (PAR)
6059,6059,Organization Unknown (PAR)
6060,6060,Unknown (PAR)
6061,6061,Mozambique Government dissidents
6062,6062,"AFRC, RUF"
6063,6063,"MJP, MPIGO"
6064,6064,"JEM, NRF"
6065,6065,Opponents of Saleh
6066,6066,Forces of El Pepino
6067,6067,San Juan Mixtepec residents
6068,6068,Santo Domingo Yosoama residents
6069,6069,"Islamic Front, Jabhat Fateh al-Sham (Nusra), Mujahideen Army"
6070,6070,Syrian Revolutionary Command Council
6071,6071,"Jabhat Fateh al-Sham (Nusra), Syrian Revolutionary Command Council"
6072,6072,"FSA, Islamic Front, Jabhat Fateh al-Sham (Nusra)"
6073,6073,"Islamic Front, Mujahideen Army, PYD, SRF (Syria)"
6074,6074,Opponents of Kaunda
6075,6075,Islamic movement in Aqerbat
6076,6076,"IS, Islamic Battalions"
6077,6077,PLF
6078,6078,Fatah Uprising
6079,6079,LCP
6080,6080,PSF
6081,6081,Syrian Social Nationalist Party
6082,6082,SSNP
6083,6083,Abu Rish Group
6084,6084,Munir Maqdah faction
6085,6085,Islamic Revolutionary Army
6086,6086,Shebaa Liberation Brigades
6087,6087,al-Qaeda in Palestine
6088,6088,al-Sa'adi family
6089,6089,al-Haj Hassan family
6090,6090,Opponents of Gnassingbe
6091,6091,ALF
6092,6092,Bilal al-Ghul Martyr Group
6093,6093,Mussalam family
6094,6094,Forces of Muhammed Dahlan
6095,6095,Forces of Musa Arafan
6096,6096,Palestinian clan 1
6097,6097,Palestinian clan 2
6099,6099,Abu-Hatab family
6100,6100,Juweid family
6101,6101,Saqir family
6102,6102,Eyal
6103,6103,Keepers of the Holy Land Group
6104,6104,Palestinian Popular Resistance Forces
6105,6105,Return Brigades
6106,6106,The Committee for Safety on the Roads
6107,6107,Nobles of Jordan
6108,6108,Opponents of Blaise Compaore
6109,6109,Opponents of Krapayoon
6110,6110,Tears of the Orphans
6111,6111,Opponents of Banda
6112,6112,Catholic Traditionalists
6113,6113,Evangelical Christians
6114,6114,PROCUP-PdlP
6115,6115,Forces of Toribio Gargallo Peralta
6116,6116,Los Chinchulines
6117,6117,ERPI
6118,6118,Forces of Alfredo Reinado
6119,860,Government of East Timor
6120,6120,EPRI
6121,6121,MPLN
6122,6122,Los Aztecas
6123,6123,Opponents of  Bakijev
6124,6124,Opponents of Conte
6125,6125,Red Path
6126,6126,Opponents of Karimov
6127,6127,Jund al-Sham
6128,6128,Romanians
6129,6129,Hungarians
6130,6130,Supporters of the NSF
6131,6131,Supporters of PNTCD
6133,6133,ARLA (Haiti)
6134,6134,Supporters of OPL
6135,6135,Supporters of Lespwa movement
6136,6136,Tanzim Jund ash-Sham
6137,6137,Military faction (forces of Nicolae Ceausescu)
6138,6138,Republic of Texas
6139,6139,44 Blue Buds
6140,6140,Six Deuce East Coast Crips
6141,6141,Ghost Shadows
6142,6142,Flying Dragons
6143,6143,Colombo crime family - Victor Orena faction
6144,6144,Colombo crime family - Carmine Persico faction
6145,6145,Jheri-Kurl Gang
6146,6146,Born to Kill gang
6147,6147,Fukinese
6148,6148,Oriental Boys
6149,6149,Canal Street Boys
6150,6150,Avenues
6151,6151,GKChP
6152,6152,Latvia SSR
6153,6153,Opponents of Ratsiraka
6154,6154,Opponents of Sanchez de Lozada
6155,6155,Supporters of Kurdistan
6156,6156,Gujba hunters
6157,6157,Kamantan
6158,6158,Opponents of al-Bashir
6159,6159,Morazanista Patriotic Front
6160,6160,Olimpia fans
6161,6161,Motagua fans
6162,6162,Private Security Guards
6163,6163,Justa C Organization
6164,6164,Supporters of Hugo Chavez
6165,6165,Opponents of Hugo Chavez
6166,6166,El Dorado inmates
6167,6167,Guajiro Indians
6168,6168,Supporters of AP
6169,6169,Opponents of Evans Paul
6170,6170,Supporters of Evans Paul
6171,6171,Supporters of Haitian military regime
6172,6172,Opponents of Jean-Bertrand Aristide
6173,6173,FRAPH
6174,6174,Jean Denis farmers
6175,6175,Brissard farmers
6176,6176,Cite Boston gang
6177,6177,Pele gang
6178,6178,Dominican
6179,6179,Haitian
6180,6180,Supporters of Democratic Convergence
6181,6181,Supporters of Fanmi Lavalas
6182,6182,MINUSTAH
6183,6183,Tonton Macoute
6184,6184,Bale Wouze
6185,6185,Elements (Luba militia)
6186,6186,Perci (Batwa militia)
6187,6187,Military faction (forces of Godefroid Niyombare)
6188,6188,Mayi Mayi Werrason
6189,6189,Raiya Mutomboki Ngowa Bisiri's faction
6190,6190,Raia Mutomboki Shebi Muisa's faction
6191,6191,"NDC, Raiya Mutomboki Ngowa Bisiri's faction"
6192,6192,Mayi Mayi Kifuafua Delphin Mbaenda's faction
6193,6193,"Mayi Mayi Kifuafua Delphin Mbaenda's faction, NDC-Rnov , Raia Mutomboki Shebi Muisa's faction"
6194,6194,Forces of Mullah Abdol Rauf Khadim
6195,6195,Mayi Mayi Kara-Kara
6196,6196,Mayi Mayi Simuzizi
6197,6197,Vatos Locos
6198,6198,Supporters of Labour Party
6201,6201,Ologba (Agatu)
6202,6202,Abo Amarah battalions
6203,6203,Jaime Bateman force
6204,6204,Taleban - Sarhadi faction
6205,6205,Taleban - Mudassir faction
6206,6206,ERG (Colombia)
6208,6208,Autodefensas Campesinas del Magdalena Medio
6209,6209,"Hope, Peace and Freedom"
6210,6210,Ambalo Indians
6211,6211,Guambiano Indians
6212,6212,MRN
6213,6213,Black Hand
6214,6214,Los Blancos
6215,6215,Taleban - Mullah Asmatullah faction
6216,6216,Taleban - Mullah Dawood faction
6217,6217,COLSINGUE
6218,6218,Commandos for a Popular Alternative
6219,6219,Dignity for Colombia
6220,6220,GAN
6221,6221,Nupe
6222,6222,Akpa
6223,6223,Muok
6224,6224,Thony
6225,6225,Apuk Giir
6226,6226,Imdadullah Group
6227,6227,Muntazir Group
6228,6228,Ajnad al-Sham
6229,6229,Dhiei Dinka
6230,6230,battalions of Shams al- Shamal
6231,6231,brigade of al- Raqqa rebels
6232,6232,"battalions of Shams al- Shamal, brigade of al- Raqqa rebels, PYD"
6233,6233,Taleban - Abdorrahman faction
6234,6234,Taleban - Din Mohammad faction
6235,6235,UNISFA
6236,6236,REMNASA
6237,6237,Taleban - Mullah Nangyal faction
6238,6238,Taleban - Amardin faction
6239,6239,Taleban - opponents of Mullah Mansoor faction
6240,6240,Taleban - supporters of Mullah Mansoor faction
6241,6241,Taleban - Hafez Manan faction
6242,6242,Taleban - Mullah Abdorrauf faction
6243,6243,YBT
6244,6244,Supporters of PML-F
6245,6245,Borno
6246,6246,Beni Omran
6247,6247,"Al-Zayadia, Beni Omran"
6248,6248,Ghuzam
6249,6249,NATO
6250,6250,Taleban - Mullah Khodai Rahim faction
6251,6251,Taleban - Mullah Hassan faction
6252,6252,High Council of Afghanistan Islamic Emirate
6253,6253,Unclear rebels
6254,6254,Forces of Hadi
6255,6255,The Islamic Province of the Caucasus
6256,6256,Opponents of Ansarallah
6257,6257,Sako Gang
6258,6258,Christians (Niger)
6259,6259,Muslims (Niger)
6260,6260,al-Mathna Islamic movement
6261,6261,al-Sunna lions battalion
6262,6262,MINUSMA
6263,6263,MILF - BA
6264,6264,MILF - BB
6265,6265,Guinean gold miners
6266,6266,Malian gold miners
6267,6267,FLM
6268,6268,Bagani Forces
6269,6269,Ayunan clan
6270,6270,Karim clan
6271,6271,"al-Murabitun, FLM"
6272,6272,Forces of Abduhalim Nazarzoda
6273,6273,Aknaf Bait al-Maqdis
6274,6274,Grey Wolves
6275,6275,Sabaneta - Re-education sector gang
6276,6276,Sabaneta - Pavilion I gang
6277,6277,Al-Murabitun - Adnan Abu Waleed al-Sahrawi faction
6278,6278,Mazza villagers
6279,6279,Tswachiko villagers
6280,6280,Chaamba Arabs
6281,6281,Mozabite Berbers
6282,6282,Khalid Ibn Walid katiba
6283,6283,Platform
6284,6284,Ansar al-Khilafah
6285,6285,Shohadaa al-Yarmouk
6286,6286,Movement for Muslim Unity
6287,6287,IPOB
6288,6288,SDF
6289,6289,Awlaki tribe
6290,6290,Giriama
6291,6291,Military faction of Godefroid Niyombare
6292,6292,Imbonerakure
6293,6293,Amizero y'abarundi
6294,6294,Hamar (Ethiopia)
6295,6295,Mwimbi
6296,6296,Tharaka
6297,6297,Forebu
6298,6298,UPDI
6300,6300,"FDLR, FDLR-RUD, UPCP"
6301,6301,Aliwo Boys
6302,6302,Jaysh al-Jihad (Saraya al- Jihad)
6303,6303,IMN
6304,6304,Share community
6305,6305,Tsaragi community
6306,6306,Tahrir al- Sham Army
6307,6307,Security battalion in al- Dmeir area
6308,6308,Jabhat al-Sham
6309,6309,DHNA
6313,6313,Din Minimi group
6314,6314,Murib group
6315,6315,EUPOL Afghanistan
6316,6316,Tongikro villagers
6317,6317,UDLF-O
6318,6318,"High Council of Afghanistan Islamic Emirate, IS"
6319,6319,JPC
6320,6320,UNLFW
6321,6321,NSCN-R
6322,6322,Opponents of President Conde
6323,6323,Military faction (forces of Blaise Compaore)
6324,6324,Supporters of President Alpha Conde
6325,6325,Supporters of Cellou Dalein Diallo
6326,6326,Opponents of President Nguesso
6327,6327,Erenga
6328,6328,KRF
6329,6329,KCP-N
6330,6330,KNA-I
6331,6331,Shohadaa al- Bayyada Battalion
6332,6332,Division 30
6333,6333,Southern Front
6334,6334,CAR hunters
6335,6335,Dianda sub clan
6336,6336,Kakanege sub clan
6337,6337,Goilala clan
6338,6338,Wabag clan
6339,6339,Wagna
6340,6340,Adok Nuer
6341,6341,Pakam Dinka
6342,6342,Kuei Dinka
6343,6343,Rup Dinka
6344,6344,"Kuei Dinka, Pakam Dinka"
6345,6345,Opponents of Chavez
6346,6346,Opponents of President Perez
6347,6347,MAA-loyalist
6348,6348,CM-FPR
6349,6349,"CM-FPR, GATIA, MAA"
6350,6350,"GATIA, MAA"
6351,6351,Supporters of referendum (CAR)
6352,6352,Farmers (CAR)
6353,6353,Herders (CAR)
6354,6354,MPC (Al Khatim rebels)
6355,6355,Opponents of President Martelly
6356,6356,"Government of United Kingdom, Government of United States of America"
6357,6357,Opponents of Al-Saud
6358,6358,Opponents of Chissano
6359,6359,Ajnad al-Khilafa
6360,6360,"FSA, PYD"
6361,6361,"FSA, Jabhat Fateh al-Sham (Nusra), Jaysh al-Islam, Levant Front"
6362,6362,DELETED former Benghazi RSC
6363,6363,Alexander
6364,6364,Baga
6365,6365,Dominion
6366,6366,MFS (Syriac Military Council)
6367,6367,"Jaysh al-Sanadid, Khabour Guards, MFS (Syriac Military Council), PYD"
6368,6368,Khabour Guards
6369,6369,Jaysh al-Sanadid
6370,6370,"Jaysh al-Sanadid, MFS (Syriac Military Council), PYD"
6371,6371,Derna Mujahideen Shura Council
6372,6372,Levant Front
6374,6374,"Fulani, Kuteb"
6375,6375,"Jabhat Fateh al-Sham (Nusra), Levant Front"
6377,6377,Jaysh al-Islam
6378,6378,"Aknaf Bait al-Maqdis, FSA, Jaysh al-Islam, PFLP-GC, PLO"
6379,6379,Unified Military Command of Eastern Ghouta
6380,6380,"Ahrar al-Sham, Ajnad al-Sham, Jabhat Fateh al-Sham (Nusra), Jaysh al-Sunna, Jund al-Aqsa, Liwa al-Haq Idlib, Sham Legion"
6381,6381,Igede
6382,6382,"al-Murabitun, AQIM"
6383,6383,Jaysh al-Sunna
6384,6384,Siham al- Haq Islamic Brigade
6385,6385,Jaysh al-Umma
6387,6387,al-Nemer battalion
6388,6388,Opponents of Biya
6389,6389,"Ahrar al-Sham, Jabhat Fateh al-Sham (Nusra)"
6390,6390,Eastern Qalamoun Operations Room
6391,6391,Rahman Corps
6392,6392,Martyr Lieutenant Ahmed Abdou Brigades
6393,6393,Originality and Development Front
6394,6394,Jaysh Asoud al-Sharqiya
6395,6395,Supporters of Kosovo
6396,6396,Bandidos
6397,6397,Cossacks
6398,6398,Opponents of Babangida
6399,6399,Opponents of Abacha
6400,6400,Ajdabiya Revolutionaries Shura Council
6401,6401,Unclear Islamists (Benghazi)
6402,6402,JAMWA
6403,6403,Zwai
6404,6404,Sham Legion
6405,6405,Liwa al-Haq Idlib
6406,6406,Liwa Muatasim Billah
6407,6407,Jaysh al-Qalamoun
6408,6408,Marwan Hadid Brigade
6409,6409,Jaysh al-Fatah Qalamoun
6410,6410,Eastern Ghouta Unified Military Command
6411,6411,Jaysh al-Thuwar
6412,6412,Kita'ib Shams al-Shamal
6413,6413,Liwa Thuwar ar-Raqqa
6414,6414,Liwa al-Jihad fi Sabeel Allah
6415,6415,Saraya Jarablus
6416,6416,Tahrir Brigade
6417,6417,Jaysh al-Qasas
6418,6418,Liwa Amna' ar-Raqqa
6419,6419,"Islamic Front, Jaysh al-Qasas, Jaysh al-Thuwar, Kita'ib Shams al-Shamal, Liwa al-Jihad fi Sabeel Allah, Liwa Amna' ar-Raqqa, Liwa Thuwar ar-Raqqa, PYD, Saraya Jarablus, Tahrir Brigade"
6420,6420,Jabhat Ansar al-Din
6421,6421,First Regiment
6422,6422,Liwa al-Sultan Murad
6423,6423,Harakat Mujahidi al-Islam
6424,6424,Fajr al-Khilafa Brigades
6425,6425,Liwa Ansar al-Khilafa
6426,6426,Siraya al-Ma'ad
6427,6427,Kitaba al-Suhaba
6428,6428,Jund Allah
6429,6429,Ansar al-Sharia
6430,6430,Jama'at
6431,6431,Fistaqim Kama Umirat
6433,6433,16th Division
6434,6434,Nour al-Din al-Zenki
6436,6436,Fatah Halab / Aleppo Conquest
6437,6437,Furqan Brigades
6438,6438,Liwa Fursan al-Haqq
6439,6439,101st Infantry Division
6440,6440,Suqour al-Jabal
6441,6441,13th Division
6442,6442,Suqour al-Ghab
6443,6443,Al-Izza Gathering
6444,6444,Liwa Ansar al-Sunna
6445,6445,Thuwar al-Sham  Brigades
6446,6446,Liwa al-Fateh
6447,6447,Liwa al-Sultan Muhammad al-Fatih
6448,6448,111st Infantry Division
6449,6449,al-Nakhba Forces
6450,6450,Kita'ib al-Safwat al-Islamiya
6451,6451,Harakat Biyan
6452,6452,Liwa al-Houriya al-Islami
6453,6453,Liwa Shuhada al-Atarib
6454,6454,60th Infantry Division
6455,6455,Jaysh al-Fatah Southern Sector
6456,6456,Fursan al-Sunna Battalion
6457,6457,Harakat Shuhada al-Sham al-Islamiya
6458,6458,Liwa al-Sayyid al-Messiyah
6459,6459,Liwa Jabal al-Sheikh
6460,6460,Liwa Omar bin al-Khatab
6461,6461,Liwa Tawhid al-Asima
6462,6462,Liwa Osama bin Zaid
6463,6463,Siyad al-Usoud Battalion
6464,6464,Harakat Muthanna al-Islamiya
6465,6465,Abu Obaida Battalion
6466,6466,Ilwiya wa Kita'ib al-Sahaba
6467,6467,Ansar al-Huda Gathering
6468,6468,Jama'at Basha'ir al-Islam
6469,6469,Katibat Aswad al-Aqsad
6470,6470,Liwa al-I'tisam Billah
6471,6471,Liwa al-Shahid al-A'qeed Ahmed al-Omar
6472,6472,Mashrou Benaa Umma
6473,6473,Liwa Ahaya al-Jihad
6474,6474,Liwa al-Umarayn  al-Islami
6475,6475,Liwa Ansar al-Haqq
6476,6476,Liwa Usoud al-Tawhid
6477,6477,Tajamu al-Mujahideen Nawa
6478,6478,Opponents of Gaddafi
6479,6479,Opponents of Moi
6480,6480,Opponents of President Suharto
6481,6481,Sinaloa Cartel - Los Memos faction
6482,6482,Sinaloa Cartel - Los Salazar faction
6483,6483,Gulf Cartel - Los Ciclones faction
6484,6484,Gulf Cartel - Los Metros faction
6485,6485,Sinaloa Cartel - Forces of Damaso faction
6486,6486,Sinaloa Cartel - Los 28 faction
6487,6487,Sinaloa Cartel - El Pepillo faction
6488,6488,Issele-Azagba community
6489,6489,Otulu-Ogwashi community
6490,6490,Opponents of Nkurunziza
6491,6491,NDC-Rnov
6492,6492,Raia Mutomboki - Shurukutu
6493,6493,Raia Mutomboki - Shukuru
6494,6494,Raia Mutomboki - Lofombo
6495,6495,"Fatah Halab / Aleppo Conquest, Jabhat Fateh al-Sham"
6496,6496,Bamba
6497,6497,Rwenzururu kingdom royal guards
6498,6498,NDA
6499,6499,Cartel del Norte del Valle
6500,6500,Autodefensas del Palmor
6501,6501,ACC
6502,6502,Autodefensas de Santander y del Sur del Cesar
6503,6503,Daoussak (Touareg)
6504,6504,Imghad (Touareg)
6505,6505,Autodefensas Campesinas de Meta y Vichada
6506,6506,Bloque Central Bolvar
6507,6507,Autodefensas Campesinas del Magdalena y La Guajira
6508,6508,Autodefensas de Puerto Boyac
6509,6509,Comandos Populares
6510,6510,Opponents of al-Maliki
6512,6512,Opponents of President Pascal Lissouba
6513,6513,RED-TABARA
6514,6514,Opponents of Zenawi
6515,6515,Virunga Park Rangers
6516,6516,Woudas
6517,6517,Kahuzi-Biega park Ranger
6518,6518,Raia Mutomboki - Kabazimiya faction
6519,6519,Raia Mutomboki - Kazimoto and Kyakwama factions
6520,6520,Yarmouk Army
6521,6521,Mudundu 40
6522,6522,Supporters of Kashmir
6523,6523,Opponents of Birendra
6524,6524,Opponents of Ben Ali
6525,6525,Pandau
6526,6526,Pancuer
6527,6527,JSJM
6528,6528,Forces of Nazar Gul
6529,6529,Forces of Mahmud
6530,6530,Burkina Faso
6531,6531,Mafia
6532,6532,"Ahrar al-Sham, Jabhat Fateh al-Sham (Nusra), Southern Front"
6533,6533,Opponents of Barre
6534,6534,Supporters of Palestine
6535,6535,Ndoro
6536,6536,Mbagede community
6537,6537,Ukpe community
6538,6538,Ebum community
6539,6539,Akoku
6540,6540,Ebedei
6541,6541,DKBA (reactivated)
6542,6542,Opponents of Koirala
6543,6543,JNDLF
6544,6544,Ekpat
6545,6545,Marvians
6546,6546,Gwari
6547,6547,Forces of Malik Tatar
6548,6548,Forces of Ghafor
6549,6549,Nkwelle Ezunaka community
6550,6550,Osile community
6551,6551,NDA - Nigeria
6552,6552,Opponents of Berisha
6553,6553,NSA
6554,6554,Bambara
6555,6555,Opponents of President B.J. Habibie
6556,6556,ANSIPRJ
6557,6557,Azad Bharat Vidhik Vaicharik Kranti Satyagrahi
6558,6558,Opponents of Ahmadinejad
6559,6559,Ajnad al-Sham Islamic Union
6560,6560,Liwa Ahrar Souriya
6561,6561,Liwa Ahfad Saladin
6562,6562,al-Moutasem Brigade
6563,6563,Hamza Division
6564,6564,"101st Infantry Division, al-Moutasem Brigade, Fistaqim Kama Umirat, Levant Front, Liwa Ahrar Souriya, Liwa al-Sultan Murad, Liwa Fursan al-Haqq, Sham Legion, Suqour al-Jabal"
6565,6565,"Jabhat Fateh al-Sham (Nusra), Mare'a Operation Room"
6566,6566,Youssef family
6567,6567,Ali family
6568,6568,Koussouma villagers
6569,6569,Mougna villagers
6570,6570,Al-Shaitat tribe
6571,6571,Shohadaa al- ShHil
6572,6572,"Ahrar al-Sham, Furqan Brigades, Jabhat Fateh al-Sham (Nusra), Jaysh al-Islam, Yarmouk Army"
6573,6573,Los Zetas - Jorge Ivan Hernandez Cantu faction
6574,6574,Los Zetas - Juan Pedro Salvador Saldivar Farias faction
6575,6575,Opponents of Kabila
6576,6576,Wolkayit committee
6577,6577,Opponents of al-Sisi
6578,6578,Maute group
6579,6579,MAS
6580,6580,"NDC, Raia Mutomboki"
6581,6581,Kobo
6582,6582,"Kobo, Nande"
6583,6583,MONUSCO
6584,6584,Jesus' Army
6585,6585,"APCLS, FDLR, Nyatura"
6586,6586,FNL-Nzabampema
6587,6587,UPDI-Mazembe
6588,6588,Raia Mutomboki Simuzizi Laban
6589,6589,Raiya Tujutemeye Nyatura faction
6590,6590,Kamwina Nsapu
6591,6591,Okita Dimba village
6592,6592,Lotelama village
6593,6593,SSDM/A - Johnson Olony faction
6594,6594,Christians (DR. Congo)
6595,6595,Muslims (DR. Congo)
6596,6596,Mayi Mayi Mesandu
6597,6597,Jaish al-Tahrir
6598,6598,Free Idlib Army
6599,6599,"al-Moutasem Brigade, Fistaqim Kama Umirat, Free Idlib Army, Hamza Division, Jaish al-Tahrir, Kita'ib al-Safwat al-Islamiya, Levant Front, Liwa al-Sultan Murad, Sham Legion"
6600,6600,"Jaysh al-Islam, Jaysh Asoud al-Sharqiya, Martyr Lieutenant Ahmed Abdou Brigades, Rahman Corps"
6601,6601,Opponents of Mansour
6602,6602,MAA-Ould Sidatti
6603,6603,"CMA, MAA-Ould Sidatti"
6604,6604,ISGS
6605,6605,Jaysh al-Ashaer
6606,6606,Ochon community
6607,6607,Ofutop community
6608,6608,Djakana's vigilance committee
6609,6609,BSF
6610,6610,Gyabgyi
6611,6611,Hunters' Association of Nigeria
6612,6612,Taleban - Hezbullah faction
6613,6613,Taleban - Zakirullah faction
6614,6614,RFB
6615,6615,LRA-Achaye
6616,6616,Hasam Movement
6617,6617,Liwa al-Thawra
6618,6618,Makhachkala Gang
6619,6619,Agoumar villagers
6620,6620,Kpokpo villagers
6621,6621,Mayi Mayi Corps du Christ
6622,6622,Forces of Saib Abas Kuranding
6623,6623,Forces of Bitoy Edsda
6624,6624,Forces of Mantol
6625,6625,Forces of Ricky Husain
6626,6626,"Jaysh Asoud al-Sharqiya, Martyr Lieutenant Ahmed Abdou Brigades"
6627,6627,Mountainous Sector Jamaat
6628,6628,"Forces of Ali Rajamuda, Kineg and Boboy"
6629,6629,"Forces of Medalya Tidong, Naki Laguib, Palao and Tahir"
6630,6630,Reichsbuerger
6631,6631,SSNLM/A
6632,6632,Panyar Dinka
6633,6633,"Panyar Dinka, Rek Dinka"
6634,6634,Mora vigilantes
6635,6635,Opponents of Conde
6636,6636,Opponents of Bongo
6637,6637,Supporters of Mahama
6638,6638,Supporters of Akufo-Addo
6639,6639,Oromo protestors
6640,6640,Awlad Rashid
6641,6641,3R
6642,6642,Magyar Arcvonal movement
6643,6643,Opponents of Oli
6644,6644,Kapshoi clan
6645,6645,Kapsiren clan
6646,6646,Forces of Philippe
6647,6647,Kreda
6648,6648,Ansaroul Islam
6649,6649,Kirumira Mutima
6650,6650,Caucasus Jammat
6651,6651,Farmers (Nigeria)
6652,6652,Herders (Nigeria)
6653,6653,Mkpumekweoku community
6654,6654,Onweonweya community
6655,6655,APC-Abdullahi Ganduje faction
6656,6656,APC-Rabi'u Musa Kwankwaso faction
6657,6657,Mokhtar Jahesh
6658,6658,Tawhid and Jihad
6659,6659,Ikot-Offiong community
6660,6660,Oku Iboku community
6661,6661,Ashland
6662,6662,Light of the World
6663,6663,Sailors
6664,6664,"Koulango , Lobi, Malink"
6665,6665,Red Scorpions
6666,6666,Batas
6667,6667,Bahamas
6668,6668,"Bahamas , Batas"
6669,6669,Gonder militia
6670,6670,Movement for Justice and Rehabilitation of Niger
6671,6671,Ginbot 7
6672,6672,Forces of Ali Demilkhanov
6684,6684,CNRD
6685,6685,Uduk
6686,6686,Maban
6687,6687,Waminene
6688,6688,APRDC
6689,6689,YSK
6690,222,x
6691,6691,"Al-Shabaab, Hizbul Islam"
6692,6692,HaY
6693,6693,Awlad Rahma
6694,6694,Dago
6695,6695,Mahadi
6696,6696,"Falata, Rizeigat Abbala"
6697,6697,"Falata, Habaniya"
6698,6698,BDB
6699,6699,"FPRC, MPC (Al Khatim rebels)"
6700,6700,"anti-Balaka, FPRC"
6701,6701,Subol Al-Salam Brigade
6702,6702,"Ahrar al-Sham, FSA, Jabhat Fateh al-Sham (Nusra), Jaysh al-Islam"
6703,6703,"101st Infantry Division, 16th Division, Ahrar al-Sham, First Regiment, Fistaqim Kama Umirat, Furqan Brigades, Jabhat Fateh al-Sham (Nusra), Jaysh al-Islam, Liwa al-Sultan Murad, Mujahideen Army, Nour al-Din al-Zenki, Sham Legion, Suqour al-Jabal"
6704,6704,La Nueva Familia
6705,6705,Pastoralists (Tanzania)
6706,6706,Peasants (Tanzania)
6707,6707,Maasai (Tanzania)
6708,6708,SUMA JKT
6709,6709,NDF (Syria)
6710,6710,Syrian National Coalition
6711,6711,DPR
6712,6712,LPR
